src_id,relation,dst_id,type
Th_ECON-00847,event-target-organization-subjectOrganization,厦门市政府,organization
Th_ECON-00848,event-target-organization-subjectOrganization,厦门市政府,organization
Th_ECON-00849,event-target-organization-subjectOrganization,厦门市政府,organization
Th_ECON-00850,event-target-organization-subjectOrganization,厦门市政府,organization
Th_ECON-00851,event-target-organization-subjectOrganization,厦门人力资源部门,organization
Th_ECON-00847,event-target-organization-relatedOrganization,台湾人才,organization
Th_ECON-00848,event-target-organization-relatedOrganization,台湾人才,organization
Th_ECON-00849,event-target-organization-relatedOrganization,台湾人才,organization
Th_ECON-00850,event-target-organization-relatedOrganization,台湾人才,organization
Th_ECON-00851,event-target-organization-relatedOrganization,台湾人才,organization
Th_ECON-00852,event-target-person-subjectPerson,陶骏,character
Th_ECON-00852,event-target-organization-relatedOrganization,台湾代表团,organization
Th_ECON-00852,event-target-organization-relatedOrganization,大陆企业,organization
Th_ECON-00853,event-target-person-subjectPerson,邹振球,character
Th_ECON-00853,event-target-organization-relatedOrganization,台湾代表团,organization
Th_ECON-00853,event-target-organization-relatedOrganization,大陆金融机构,organization
Th_ECON-00854,event-target-person-subjectPerson,林青,character
Th_ECON-00854,event-target-organization-relatedOrganization,台湾青年,organization
Th_ECON-00854,event-target-organization-relatedOrganization,台湾代表团,organization
Th_ECON-00855,event-target-person-subjectPerson,陈云英,character
Th_ECON-00855,event-target-organization-relatedOrganization,台湾教育主管部门,organization
Th_ECON-00855,event-target-organization-relatedOrganization,大陆高校,organization
Th_ECON-00856,event-target-person-relatedPerson,多位代表,character
Th_ECON-00856,event-target-organization-relatedOrganization,台湾青年,organization
Th_ECON-00856,event-target-organization-relatedOrganization,台湾代表团,organization
Th_ECON-00857,event-target-organization-relatedOrganization,中国中央气象台,organization
Th_ECON-00857,event-target-organization-relatedOrganization,台湾海峡航运企业,organization
Th_ECON-00857,event-target-facility-affectsPort,台湾海峡,facility
Th_ECON-00858,event-target-organization-relatedOrganization,台湾地方政府,organization
Th_ECON-00858,event-target-organization-relatedOrganization,台湾农业合作社,organization
Th_ECON-00859,event-target-organization-relatedOrganization,中国应急管理部,organization
Th_ECON-00859,event-target-organization-relatedOrganization,华南市政工程公司,organization
Th_POL-03893,event-target-person-subjectPerson,朱凤莲,character
Th_POL-03893,event-target-organization-relatedOrganization,民进党当局,organization
Th_POL-03894,event-target-person-subjectPerson,朱凤莲,character
Th_POL-03894,event-target-organization-relatedOrganization,深度求索（DeepSeek）,organization
Th_POL-03894,event-target-organization-relatedOrganization,民进党当局,organization
Th_ECON-00860,event-target-organization-subjectOrganization,福建省商务厅,organization
Th_ECON-00860,event-target-organization-relatedOrganization,金门酒厂（厦门）贸易有限公司,organization
Th_ECON-00860,event-target-person-relatedPerson,李瑞河,character
Th_POL-03895,event-target-person-subjectPerson,朱凤莲,character
Th_POL-03895,event-target-organization-subjectOrganization,国务院台办,organization
Th_POL-03895,event-target-facility-occursAtPort,港珠澳大桥,facility
Th_POL-03895,event-target-facility-occursAtPort,平潭港,facility
Th_POL-03895,event-target-facility-occursAtPort,抚远港,facility
Th_POL-03895,event-target-facility-occursAtPort,绥芬河,facility
Th_POL-03896,event-target-person-subjectPerson,朱凤莲,character
Th_POL-03896,event-target-organization-subjectOrganization,国务院台办,organization
Th_POL-03899,event-target-organization-subjectOrganization,国家出入境管理局,organization
Th_POL-03900,event-target-organization-relatedOrganization,大陆相关部门,organization
Th_POL-03901,event-target-organization-subjectOrganization,大陆交通部门,organization
Th_POL-03902,event-target-organization-subjectOrganization,大陆相关部门,organization
Th_POL-03903,event-target-organization-subjectOrganization,民进党当局,organization
Th_ECON-00863,event-target-person-subjectPerson,范姜锋,character
Th_ECON-00863,event-target-organization-subjectOrganization,福建省台湾青年创业服务中心,organization
Th_ECON-00864,event-target-organization-subjectOrganization,福建省台湾青年创业服务中心,organization
Th_ECON-00865,event-target-person-subjectPerson,范姜锋,character
Th_ECON-00865,event-target-organization-subjectOrganization,台青双创基地,organization
Th_POL-03906,event-target-organization-subjectOrganization,台湾地区政府,organization
Th_POL-03907,event-target-person-subjectPerson,陈斌华,character
Th_POL-03907,event-target-organization-subjectOrganization,国务院台办,organization
Th_POL-03907,event-target-organization-relatedOrganization,台湾地区政府,organization
Th_POL-03908,event-target-organization-subjectOrganization,台湾地区政府,organization
Th_POL-03909,event-target-organization-subjectOrganization,台湾地区政府,organization
Th_POL-03910,event-target-organization-subjectOrganization,国务院台办,organization
Th_POL-03910,event-target-organization-relatedOrganization,台湾地区政府,organization
Th_ECON-00866,event-target-person-subjectPerson,陈姿妘,character
Th_ECON-00867,event-target-person-subjectPerson,陈姿妘,character
Th_ECON-00868,event-target-person-subjectPerson,陈姿妘,character
Th_ECON-00869,event-target-person-subjectPerson,陈姿妘,character
Th_ECON-00870,event-target-person-subjectPerson,陈姿妘,character
Th_ECON-00870,event-target-organization-relatedOrganization,厦门市场监管部门,organization
Th_POL-03911,event-target-person-subjectPerson,陈钰涵,character
Th_POL-03911,event-target-person-relatedPerson,陈钰涵父亲,character
Th_POL-03912,event-target-person-subjectPerson,陈钰涵,character
Th_POL-03913,event-target-person-subjectPerson,陈钰涵,character
Th_POL-03913,event-target-person-relatedPerson,台湾亲属,character
Th_POL-03914,event-target-person-subjectPerson,陈钰涵,character
Th_POL-03914,event-target-organization-relatedOrganization,联合国儿童基金会,organization
Th_ECON-00871,event-target-person-subjectPerson,杨乔米,character
Th_ECON-00871,event-target-organization-relatedOrganization,安徽地方政府,organization
Th_ECON-00872,event-target-person-subjectPerson,杨乔米,character
Th_ECON-00873,event-target-person-relatedPerson,杨乔米,character
Th_ECON-00873,event-target-organization-relatedOrganization,安徽地方政府,organization
Th_ECON-00874,event-target-person-subjectPerson,杨乔米,character
Th_ECON-00875,event-target-person-subjectPerson,杨乔米,character
Th_ECON-00876,event-target-person-subjectPerson,林智远,character
Th_ECON-00877,event-target-person-subjectPerson,林智远,character
Th_ECON-00878,event-target-person-subjectPerson,林智远,character
Th_POL-03916,event-target-person-subjectPerson,陈斌华,character
Th_POL-03916,event-target-organization-subjectOrganization,国务院台办,organization
Th_POL-03916,event-target-organization-relatedOrganization,民进党当局,organization
Th_POL-03917,event-target-organization-subjectOrganization,台陆委会,organization
Th_POL-03917,event-target-organization-relatedOrganization,国务院台办,organization
Th_POL-03918,event-target-person-relatedPerson,台湾同胞,character
Th_POL-03918,event-target-organization-subjectOrganization,国务院台办,organization
Th_POL-03919,event-target-person-subjectPerson,洪启义,character
Th_POL-03919,event-target-organization-subjectOrganization,两岸书法交流机构,organization
Th_POL-03920,event-target-person-subjectPerson,洪启义,character
Th_POL-03920,event-target-organization-relatedOrganization,台湾教育主管部门,organization
Th_POL-03921,event-target-person-subjectPerson,洪启义,character
Th_POL-03921,event-target-organization-subjectOrganization,两岸书法协会,organization
Th_POL-03922,event-target-person-subjectPerson,洪启义,character
Th_POL-03922,event-target-person-relatedPerson,张再勇,character
Th_POL-03923,event-target-person-subjectPerson,洪启义,character
Th_POL-03923,event-target-organization-relatedOrganization,两岸教育机构,organization
Th_ECON-00879,event-target-person-relatedPerson,钟女士,character
Th_ECON-00880,event-target-organization-relatedOrganization,台湾慈济慈善事业基金会,organization
Th_ECON-00881,event-target-organization-relatedOrganization,台北国际龙舟锦标赛组委会,organization
Th_ECON-00883,event-target-organization-subjectOrganization,福建省人民政府,organization
Th_ECON-00883,event-target-organization-relatedOrganization,台湾农业企业,organization
Th_ECON-00884,event-target-organization-subjectOrganization,福建省商务厅,organization
Th_ECON-00884,event-target-organization-relatedOrganization,台湾企业,organization
Th_ECON-00885,event-target-organization-subjectOrganization,福建省金融监管局,organization
Th_ECON-00885,event-target-organization-relatedOrganization,台湾投资机构,organization
Th_ECON-00886,event-target-organization-subjectOrganization,福建省水利厅,organization
Th_ECON-00886,event-target-organization-relatedOrganization,金门县政府,organization
Th_ECON-00887,event-target-organization-subjectOrganization,福建省发改委,organization
Th_ECON-00887,event-target-organization-relatedOrganization,台湾物流企业,organization
Th_ECON-00887,event-target-facility-occursAtPort,厦门港,facility
Th_POL-03924,event-target-person-subjectPerson,林声羽,character
Th_POL-03924,event-target-organization-subjectOrganization,西南大学,organization
Th_POL-03925,event-target-person-subjectPerson,林声羽,character
Th_POL-03925,event-target-organization-subjectOrganization,西南大学,organization
Th_POL-03925,event-target-organization-relatedOrganization,两岸学术机构,organization
Th_ECON-00888,event-target-person-subjectPerson,书胜利,character
Th_ECON-00888,event-target-person-relatedPerson,张聪敏,character
Th_ECON-00888,event-target-organization-subjectOrganization,小雨点饮品坊,organization
Th_ECON-00889,event-target-person-subjectPerson,书胜利,character
Th_ECON-00890,event-target-person-subjectPerson,书胜利,character
Th_ECON-00890,event-target-organization-subjectOrganization,昆明地方政府,organization
Th_ECON-00890,event-target-organization-relatedOrganization,台湾同胞联谊会,organization
Th_ECON-00891,event-target-person-subjectPerson,书胜利,character
Th_ECON-00891,event-target-organization-subjectOrganization,小雨点饮品坊,organization
Th_ECON-00892,event-target-person-subjectPerson,书胜利,character
Th_ECON-00892,event-target-organization-subjectOrganization,小雨点饮品坊,organization
Th_ECON-00893,event-target-organization-subjectOrganization,福建农林大学,organization
Th_ECON-00894,event-target-organization-subjectOrganization,福建农林大学,organization
Th_ECON-00895,event-target-organization-subjectOrganization,福建农林大学,organization
Th_ECON-00896,event-target-organization-subjectOrganization,福建农林大学,organization
Th_ECON-00897,event-target-organization-subjectOrganization,福建农林大学,organization
Th_POL-03931,event-target-organization-subjectOrganization,台湾当局,organization
Th_POL-03931,event-target-organization-relatedOrganization,台湾电影局,organization
Th_POL-03932,event-target-organization-subjectOrganization,中华语文教育促进协会,organization
Th_POL-03934,event-target-person-subjectPerson,戴志颖,character
Th_POL-03934,event-target-organization-relatedOrganization,台湾当局,organization
Th_POL-03935,event-target-person-subjectPerson,张方远,character
Th_POL-03937,event-target-organization-relatedOrganization,台湾歌仔戏剧团,organization
Th_POL-03937,event-target-organization-relatedOrganization,漳州市文化部门,organization
Th_POL-03938,event-target-person-relatedPerson,郭雅丹,character
Th_POL-03938,event-target-organization-relatedOrganization,漳州市文化部门,organization
Th_POL-03939,event-target-organization-relatedOrganization,台湾高雄天宏园掌中剧团,organization
Th_POL-03939,event-target-organization-relatedOrganization,漳州市文化部门,organization
Th_POL-03940,event-target-organization-subjectOrganization,福建省委常委会,organization
Th_POL-03940,event-target-organization-relatedOrganization,福建省文化部门,organization
Th_POL-03941,event-target-person-relatedPerson,王仁心,character
Th_POL-03941,event-target-organization-relatedOrganization,漳州艺术学校,organization
Th_ECON-00898,event-target-facility-occursAtPort,福州港江阴港区,facility
Th_ECON-00898,event-target-organization-relatedOrganization,台湾海运班轮公司,organization
Th_ECON-00899,event-target-facility-occursAtPort,福州港江y港区,facility
Th_ECON-00899,event-target-organization-relatedOrganization,安徽腹地市场企业,organization
Th_POL-03942,event-target-organization-subjectOrganization,福建省政协,organization
Th_POL-03942,event-target-person-subjectPerson,习近平,character
Th_POL-03943,event-target-organization-subjectOrganization,福建省政协,organization
Th_POL-03943,event-target-person-subjectPerson,林金章,character
Th_POL-03944,event-target-organization-subjectOrganization,福建省政协,organization
Th_POL-03944,event-target-person-subjectPerson,林金章,character
Th_POL-03945,event-target-organization-subjectOrganization,福建省政协,organization
Th_POL-03945,event-target-person-subjectPerson,黄昱,character
Th_POL-03946,event-target-organization-subjectOrganization,福建省政协,organization
Th_POL-03946,event-target-person-subjectPerson,吴棉国,character
Th_ECON-00900,event-target-organization-subjectOrganization,海南机场集团,organization
Th_ECON-00900,event-target-organization-relatedOrganization,鹏城低空经济产业发展（深圳）有限公司,organization
Th_ECON-00900,event-target-facility-occursAtAirport,海南机场,facility
Th_ECON-00901,event-target-organization-subjectOrganization,海南省政府,organization
Th_ECON-00902,event-target-organization-subjectOrganization,海南机场集团,organization
Th_ECON-00903,event-target-organization-subjectOrganization,海发控,organization
Th_ECON-00904,event-target-organization-subjectOrganization,海南临空,organization
Th_ECON-00905,event-target-facility-occursAtPort,福州港,facility
Th_ECON-00905,event-target-organization-relatedOrganization,福州港口发展中心,organization
Th_ECON-00906,event-target-facility-occursAtPort,霞浦三沙—台湾台北,facility
Th_ECON-00906,event-target-organization-relatedOrganization,福州港,organization
Th_ECON-00906,event-target-organization-relatedOrganization,台湾台北港,organization
Th_ECON-00907,event-target-facility-occursAtPort,福州港平潭港区,facility
Th_ECON-00907,event-target-organization-relatedOrganization,福州港,organization
Th_ECON-00907,event-target-organization-relatedOrganization,台湾物流企业,organization
Th_ECON-00908,event-target-facility-occursAtPort,福州港—台北港,facility
Th_ECON-00908,event-target-organization-relatedOrganization,福州港,organization
Th_ECON-00908,event-target-organization-relatedOrganization,台湾台北港,organization
Th_ECON-00909,event-target-facility-occursAtPort,福州港,facility
Th_ECON-00909,event-target-facility-affectsPort,台湾籍船舶,facility
Th_ECON-00910,event-target-person-subjectPerson,张老板,character
Th_ECON-00910,event-target-organization-subjectOrganization,兴业银行湖州分行,organization
Th_ECON-00911,event-target-person-subjectPerson,张老板,character
Th_ECON-00911,event-target-organization-subjectOrganization,兴业银行大庆分行,organization
Th_ECON-00912,event-target-organization-subjectOrganization,兴业银行,organization
Th_ECON-00913,event-target-organization-subjectOrganization,兴业银行苏州分行,organization
Th_ECON-00913,event-target-organization-relatedOrganization,阿里山美食节筹备组,organization
Th_ECON-00914,event-target-organization-subjectOrganization,兴业银行厦门分行,organization
Th_ECON-00914,event-target-organization-relatedOrganization,泡泡岛音乐节组委会,organization
Th_POL-03947,event-target-organization-relatedOrganization,神户大学,organization
Th_POL-03947,event-target-organization-relatedOrganization,自民党神奈川县第11选区支部,organization
Th_POL-03947,event-target-person-relatedPerson,上胁博之,character
Th_POL-03948,event-target-organization-subjectOrganization,自民党神奈川县第11选区支部,organization
Th_POL-03950,event-target-person-subjectPerson,高市早苗,character
Th_POL-03950,event-target-person-relatedPerson,涉黑金议员,character
Th_POL-03952,event-target-person-subjectPerson,高市早苗,character
Th_POL-03952,event-target-organization-subjectOrganization,日本内阁,organization
Th_POL-03952,event-target-organization-relatedOrganization,中国政府,organization
Th_POL-03953,event-target-organization-subjectOrganization,日本防卫省,organization
Th_ECON-00917,event-target-facility-occursAtPort,康德世家三期小区,facility
Th_ECON-00916,event-target-person-subjectPerson,游程诺,character
Th_ECON-00917,event-target-person-subjectPerson,萧修祺,character
Th_ECON-00918,event-target-person-subjectPerson,郭水郎,character
Th_ECON-00915,event-target-organization-relatedOrganization,福建省相关部门,organization
Th_ECON-00915,event-target-organization-relatedOrganization,台康社区,organization
Th_ECON-00916,event-target-organization-relatedOrganization,台康社区,organization
Th_ECON-00918,event-target-facility-occursAtPort,台康社区党群服务中心,facility
Th_ECON-00919,event-target-organization-relatedOrganization,台康社区,organization
Th_POL-03955,event-target-organization-subjectOrganization,福建省政协,organization
Th_POL-03955,event-target-organization-relatedOrganization,台湾相关机构,organization
Th_POL-03956,event-target-organization-subjectOrganization,福建省委,organization
Th_POL-03956,event-target-organization-relatedOrganization,港澳台合作机构,organization
Th_ECON-00920,event-target-facility-affectsAirport,厦门翔安国际机场,facility
Th_ECON-00921,event-target-facility-affectsAirport,厦门翔安国际机场,facility
Th_ECON-00920,event-target-organization-subjectOrganization,福建省交通建设部门,organization
Th_ECON-00921,event-target-organization-subjectOrganization,福建省交通规划部门,organization
Th_ECON-00921,event-target-organization-relatedOrganization,厦金航线运营方,organization
Th_ECON-00923,event-target-organization-relatedOrganization,福州海关,organization
Th_ECON-00923,event-target-organization-relatedOrganization,福州航通跨境电商监管中心,organization
Th_ECON-00923,event-target-facility-occursAtPort,马祖港,facility
Th_ECON-00924,event-target-organization-subjectOrganization,马尾海关,organization
Th_ECON-00924,event-target-organization-relatedOrganization,跨境电商企业,organization
Th_ECON-00925,event-target-organization-subjectOrganization,福州宏泰昌电子商务有限公司,organization
Th_POL-03958,event-target-person-subjectPerson,郑小龙,character
Th_POL-03958,event-target-organization-relatedOrganization,古龙著作管理发展委员会,organization
Th_POL-03958,event-target-organization-subjectOrganization,浙江省文学馆,organization
Th_POL-03959,event-target-organization-relatedOrganization,古龙著作管理发展委员会,organization
Th_POL-03959,event-target-organization-subjectOrganization,浙江省作家协会,organization
Th_POL-03960,event-target-organization-subjectOrganization,中国武侠文学学会,organization
Th_POL-03960,event-target-organization-relatedOrganization,古龙研究中心,organization
Th_ECON-00926,event-target-organization-relatedOrganization,中央气象台,organization
Th_ECON-00926,event-target-organization-relatedOrganization,中国海上搜救中心,organization
Th_POL-03962,event-target-person-subjectPerson,赖清德,character
Th_POL-03963,event-target-person-subjectPerson,林剑,character
Th_POL-03963,event-target-organization-subjectOrganization,中国外交部,organization
Th_POL-03964,event-target-person-subjectPerson,朱凤莲,character
Th_POL-03964,event-target-organization-subjectOrganization,国务院台办,organization
Th_POL-03964,event-target-organization-relatedOrganization,台湾各政党及团体,organization
Th_POL-03965,event-target-organization-subjectOrganization,三閤实践研究院,organization
Th_POL-03965,event-target-organization-relatedOrganization,新党,organization
Th_POL-03966,event-target-person-subjectPerson,张荣恭,character
Th_POL-03966,event-target-organization-subjectOrganization,中国国民党,organization
Th_POL-03966,event-target-organization-relatedOrganization,国务院台办,organization
Th_POL-03967,event-target-person-subjectPerson,高市早苗,character
Th_POL-03967,event-target-organization-subjectOrganization,日本政府,organization
Th_POL-03967,event-target-organization-relatedOrganization,中国政府,organization
Th_POL-03968,event-target-organization-subjectOrganization,日本右翼势力,organization
Th_POL-03968,event-target-organization-relatedOrganization,中国政府,organization
Th_POL-03969,event-target-person-subjectPerson,高市早苗,character
Th_POL-03969,event-target-organization-relatedOrganization,中国政府,organization
Th_POL-03970,event-target-organization-subjectOrganization,日本政府,organization
Th_POL-03970,event-target-organization-relatedOrganization,中国政府,organization
Th_POL-03971,event-target-organization-subjectOrganization,中国政府,organization
Th_POL-03971,event-target-organization-relatedOrganization,日本政府,organization
Th_ECON-00930,event-target-person-subjectPerson,陈斌华,character
Th_ECON-00930,event-target-organization-subjectOrganization,国务院台办,organization
Th_ECON-00931,event-target-organization-subjectOrganization,国家出入境管理部门,organization
Th_ECON-00931,event-target-facility-occursAtAirport,厦门高崎国际机场,facility
Th_ECON-00931,event-target-facility-occursAtPort,五通客运码头,facility
Th_ECON-00932,event-target-organization-relatedOrganization,台湾经济部门,organization
Th_ECON-00933,event-target-organization-subjectOrganization,大陆出入境管理部门,organization
Th_ECON-00934,event-target-organization-subjectOrganization,大陆出入境管理部门,organization
Th_ECON-00935,event-target-person-subjectPerson,彭庆恩,character
Th_ECON-00935,event-target-organization-subjectOrganization,国务院台办,organization
Th_ECON-00936,event-target-person-subjectPerson,彭庆恩,character
Th_ECON-00936,event-target-organization-subjectOrganization,国务院台办,organization
Th_ECON-00937,event-target-person-subjectPerson,彭庆恩,character
Th_ECON-00937,event-target-organization-subjectOrganization,国务院台办,organization
Th_ECON-00938,event-target-person-subjectPerson,王沪宁,character
Th_ECON-00938,event-target-person-subjectPerson,彭庆恩,character
Th_ECON-00938,event-target-organization-subjectOrganization,全国政协,organization
Th_ECON-00939,event-target-person-subjectPerson,彭庆恩,character
Th_ECON-00939,event-target-organization-subjectOrganization,国务院台办,organization
Th_ECON-00940,event-target-organization-relatedOrganization,中国政府,organization
Th_ECON-00942,event-target-organization-relatedOrganization,中国政府,organization
Th_ECON-00943,event-target-organization-relatedOrganization,中国政府,organization
Th_ECON-00944,event-target-facility-affectsAirport,台湾主要机场,facility
Th_POL-03972,event-target-person-subjectPerson,陈斌华,character
Th_POL-03972,event-target-person-relatedPerson,赖清德,character
Th_POL-03972,event-target-organization-subjectOrganization,国务院台办,organization
Th_POL-03972,event-target-organization-relatedOrganization,台湾当局,organization
Th_POL-03973,event-target-person-subjectPerson,赖清德,character
Th_POL-03973,event-target-person-relatedPerson,陈斌华,character
Th_POL-03973,event-target-organization-subjectOrganization,台湾当局,organization
Th_POL-03973,event-target-organization-relatedOrganization,中国政府,organization
Th_POL-03974,event-target-person-subjectPerson,陈斌华,character
Th_POL-03974,event-target-organization-subjectOrganization,中国政府,organization
Th_POL-03974,event-target-organization-relatedOrganization,台湾当局,organization
Th_POL-03975,event-target-person-subjectPerson,陈斌华,character
Th_POL-03975,event-target-person-relatedPerson,赖清德,character
Th_POL-03975,event-target-organization-subjectOrganization,国台办,organization
Th_POL-03975,event-target-organization-relatedOrganization,台湾地区政府,organization
Th_POL-03976,event-target-person-subjectPerson,赖清德,character
Th_POL-03976,event-target-organization-subjectOrganization,台湾地区政府,organization
Th_POL-03976,event-target-organization-relatedOrganization,民主阵营,organization
Th_POL-03977,event-target-person-subjectPerson,陈斌华,character
Th_POL-03977,event-target-person-relatedPerson,赖清德,character
Th_POL-03977,event-target-organization-relatedOrganization,民进党当局,organization
Th_POL-03978,event-target-person-subjectPerson,陈斌华,character
Th_POL-03978,event-target-organization-subjectOrganization,国台办,organization
Th_POL-03978,event-target-organization-relatedOrganization,台湾地区政府,organization
Th_POL-03979,event-target-person-subjectPerson,陈斌华,character
Th_POL-03979,event-target-person-relatedPerson,赖清德,character
Th_POL-03979,event-target-organization-relatedOrganization,民进党当局,organization
Th_ECON-00945,event-target-organization-relatedOrganization,台湾中华经济研究院,organization
Th_ECON-00946,event-target-organization-relatedOrganization,台湾经济研究院,organization
Th_ECON-00947,event-target-organization-relatedOrganization,台湾劳动事务主管部门,organization
Th_ECON-00948,event-target-person-relatedPerson,蒋国清,character
Th_ECON-00948,event-target-organization-relatedOrganization,台湾螺丝贸易协会,organization
Th_ECON-00949,event-target-organization-relatedOrganization,台湾工业总会,organization
Th_POL-03980,event-target-person-subjectPerson,彭庆恩,character
Th_POL-03980,event-target-facility-occursAtPort,厦门港,facility
Th_POL-03980,event-target-organization-relatedOrganization,国务院台办,organization
Th_POL-03980,event-target-organization-relatedOrganization,民进党当局,organization
Th_POL-03981,event-target-organization-relatedOrganization,国务院台办,organization
Th_POL-03981,event-target-organization-relatedOrganization,民进党当局,organization
Th_POL-03982,event-target-person-subjectPerson,赖清德,character
Th_POL-03982,event-target-organization-relatedOrganization,民进党当局,organization
Th_POL-03983,event-target-organization-relatedOrganization,台教育事务主管部门,organization
Th_POL-03983,event-target-organization-relatedOrganization,国务院台办,organization
Th_POL-03984,event-target-organization-relatedOrganization,台陆委会,organization
Th_POL-03984,event-target-organization-relatedOrganization,国务院台办,organization
Th_ECON-00950,event-target-organization-relatedOrganization,台湾当局,organization
Th_ECON-00951,event-target-organization-subjectOrganization,台湾交通事务主管部门,organization
Th_ECON-00951,event-target-organization-relatedOrganization,台湾当局,organization
Th_ECON-00952,event-target-organization-relatedOrganization,台湾当局,organization
Th_ECON-00953,event-target-organization-subjectOrganization,大陆相关部门,organization
Th_ECON-00953,event-target-organization-relatedOrganization,台湾当局,organization
Th_ECON-00954,event-target-organization-subjectOrganization,台湾旅游业协会,organization
Th_ECON-00954,event-target-organization-relatedOrganization,台湾当局,organization
Th_POL-03985,event-target-organization-subjectOrganization,民进党当局,organization
Th_POL-03985,event-target-person-relatedPerson,朱凤莲,character
Th_POL-03985,event-target-organization-relatedOrganization,国务院台办,organization
Th_POL-03986,event-target-person-subjectPerson,邓万华,character
Th_POL-03986,event-target-organization-relatedOrganization,陆委会,organization
Th_POL-03986,event-target-person-relatedPerson,朱凤莲,character
Th_POL-03987,event-target-organization-subjectOrganization,民进党当局,organization
Th_POL-03987,event-target-person-relatedPerson,朱凤莲,character
Th_POL-03988,event-target-organization-subjectOrganization,民进党当局,organization
Th_POL-03988,event-target-organization-relatedOrganization,国务院台办,organization
Th_POL-03989,event-target-organization-subjectOrganization,民进党当局,organization
Th_POL-03989,event-target-person-relatedPerson,朱凤莲,character
Th_POL-03989,event-target-organization-relatedOrganization,绿媒,organization
Th_ECON-00955,event-target-organization-subjectOrganization,美国政府,organization
Th_ECON-00955,event-target-organization-subjectOrganization,台湾当局,organization
Th_ECON-00956,event-target-organization-subjectOrganization,台积电,organization
Th_ECON-00956,event-target-organization-relatedOrganization,美国政府,organization
Th_ECON-00957,event-target-organization-subjectOrganization,台湾民进党当局,organization
Th_ECON-00957,event-target-organization-affectedOrganization,大陆企业,organization
Th_ECON-00958,event-target-organization-subjectOrganization,台湾民进党当局,organization
Th_ECON-00958,event-target-organization-affectedOrganization,大陆汽车制造商,organization
Th_ECON-00959,event-target-organization-subjectOrganization,美国政府,organization
Th_ECON-00959,event-target-organization-affectedOrganization,台湾半导体产业,organization
Th_POL-03990,event-target-person-subjectPerson,赖清德,character
Th_POL-03990,event-target-organization-subjectOrganization,台湾地区政府,organization
Th_POL-03990,event-target-person-relatedPerson,朱凤莲,character
Th_POL-03990,event-target-organization-relatedOrganization,国务院台办,organization
Th_POL-03991,event-target-person-subjectPerson,赖清德,character
Th_POL-03991,event-target-organization-subjectOrganization,台湾地区政府,organization
Th_POL-03992,event-target-person-subjectPerson,赖清德,character
Th_POL-03992,event-target-organization-subjectOrganization,台湾地区政府,organization
Th_POL-03993,event-target-person-subjectPerson,赖清德,character
Th_POL-03993,event-target-organization-subjectOrganization,台湾地区政府,organization
Th_POL-03994,event-target-person-subjectPerson,朱凤莲,character
Th_POL-03994,event-target-organization-subjectOrganization,国务院台办,organization
Th_POL-03994,event-target-person-relatedPerson,赖清德,character
Th_ECON-00960,event-target-person-subjectPerson,林伯丰,character
Th_ECON-00960,event-target-organization-subjectOrganization,美国政府,organization
Th_ECON-00961,event-target-organization-relatedOrganization,台湾证券交易所,organization
Th_ECON-00961,event-target-organization-relatedOrganization,美国政府,organization
Th_ECON-00962,event-target-organization-relatedOrganization,台湾中央银行,organization
Th_ECON-00962,event-target-organization-relatedOrganization,美国联邦储备系统,organization
Th_ECON-00963,event-target-person-subjectPerson,林伯丰,character
Th_ECON-00963,event-target-organization-subjectOrganization,台湾工商团体‘三三会’,organization
Th_ECON-00964,event-target-organization-subjectOrganization,台湾民进党当局,organization
Th_ECON-00964,event-target-organization-relatedOrganization,美国政府,organization
Th_MIL-00470,event-target-person-subjectPerson,赖清德,character
Th_MIL-00470,event-target-organization-subjectOrganization,台湾民进党当局,organization
Th_MIL-00470,event-target-organization-relatedOrganization,美国政府,organization
Th_MIL-00471,event-target-organization-subjectOrganization,台湾军队,organization
Th_MIL-00471,event-target-organization-relatedOrganization,美国军工企业,organization
Th_MIL-00472,event-target-organization-subjectOrganization,美国政府,organization
Th_MIL-00472,event-target-organization-relatedOrganization,台湾当局,organization
Th_MIL-00473,event-target-person-subjectPerson,赖清德,character
Th_MIL-00473,event-target-organization-subjectOrganization,台湾民进党当局,organization
Th_MIL-00473,event-target-organization-relatedOrganization,台湾经济部门,organization
Th_MIL-00474,event-target-person-relatedPerson,郑剑,character
Th_MIL-00474,event-target-person-subjectPerson,赖清德,character
Th_MIL-00474,event-target-organization-relatedOrganization,台湾当局,organization
Th_POL-03995,event-target-person-subjectPerson,赖清德,character
Th_POL-03995,event-target-organization-relatedOrganization,台独分裂势力,organization
Th_POL-03996,event-target-person-subjectPerson,赖清德,character
Th_POL-03996,event-target-organization-relatedOrganization,台独分裂势力,organization
Th_POL-03997,event-target-person-subjectPerson,赖清德,character
Th_POL-03997,event-target-organization-relatedOrganization,台独分裂势力,organization
Th_POL-03998,event-target-person-subjectPerson,赖清德,character
Th_POL-03998,event-target-organization-relatedOrganization,台独分裂势力,organization
Th_POL-03999,event-target-person-subjectPerson,赖清德,character
Th_POL-03999,event-target-organization-relatedOrganization,台独分裂势力,organization
Th_ECON-00965,event-target-organization-subjectOrganization,台湾经济主管部门,organization
Th_ECON-00965,event-target-organization-relatedOrganization,华为,organization
Th_ECON-00966,event-target-organization-subjectOrganization,民进党当局,organization
Th_ECON-00966,event-target-organization-relatedOrganization,台湾海基会,organization
Th_ECON-00967,event-target-organization-subjectOrganization,民进党当局,organization
Th_ECON-00968,event-target-organization-subjectOrganization,民进党当局,organization
Th_ECON-00968,event-target-organization-relatedOrganization,美国,organization
Th_ECON-00969,event-target-person-subjectPerson,朱凤莲,character
Th_ECON-00969,event-target-organization-subjectOrganization,国务院台办,organization
Th_POL-04000,event-target-person-relatedPerson,陈斌华,character
Th_POL-04000,event-target-person-subjectPerson,赖清德,character
Th_POL-04000,event-target-organization-relatedOrganization,国务院台办,organization
Th_POL-04000,event-target-organization-subjectOrganization,民进党当局,organization
Th_POL-04001,event-target-person-relatedPerson,陈斌华,character
Th_POL-04001,event-target-organization-relatedOrganization,国务院台办,organization
Th_POL-04003,event-target-person-subjectPerson,孙崎享,character
Th_POL-04003,event-target-person-relatedPerson,高市早苗,character
Th_POL-04003,event-target-organization-relatedOrganization,日本参议院议员会馆,organization
Th_POL-04003,event-target-organization-affectedOrganization,日本政府,organization
Th_POL-04004,event-target-person-subjectPerson,羽场久美子,character
Th_POL-04004,event-target-person-relatedPerson,高市早苗,character
Th_POL-04004,event-target-organization-relatedOrganization,日本参议院议员会馆,organization
Th_POL-04004,event-target-organization-affectedOrganization,日本政府,organization
Th_POL-04005,event-target-person-subjectPerson,高良沙哉,character
Th_POL-04005,event-target-person-relatedPerson,高市早苗,character
Th_POL-04005,event-target-organization-relatedOrganization,日本参议院议员会馆,organization
Th_POL-04005,event-target-organization-affectedOrganization,日本政府,organization
Th_POL-04006,event-target-person-relatedPerson,高市早苗,character
Th_POL-04006,event-target-organization-relatedOrganization,日本参议院议员会馆,organization
Th_POL-04006,event-target-organization-affectedOrganization,日本政府,organization
Th_POL-04007,event-target-person-relatedPerson,高市早苗,character
Th_POL-04007,event-target-organization-relatedOrganization,日本参议院议员会馆,organization
Th_POL-04007,event-target-organization-affectedOrganization,日本政府,organization
Th_POL-04008,event-target-person-subjectPerson,高市早苗,character
Th_POL-04008,event-target-person-relatedPerson,德米特里·诺维科夫,character
Th_POL-04008,event-target-organization-subjectOrganization,日本政府,organization
Th_POL-04008,event-target-organization-relatedOrganization,俄罗斯国家杜马,organization
Th_POL-04009,event-target-person-subjectPerson,德米特里·诺维科夫,character
Th_POL-04009,event-target-person-relatedPerson,高市早苗,character
Th_POL-04009,event-target-organization-subjectOrganization,俄罗斯国家杜马,organization
Th_POL-04009,event-target-organization-relatedOrganization,日本政府,organization
Th_POL-04010,event-target-person-subjectPerson,德米特里·诺维科夫,character
Th_POL-04010,event-target-person-relatedPerson,高市早苗,character
Th_POL-04010,event-target-organization-subjectOrganization,俄罗斯国家杜马,organization
Th_POL-04010,event-target-organization-relatedOrganization,日本政府,organization
Th_POL-04011,event-target-person-subjectPerson,德米特里·诺维科夫,character
Th_POL-04011,event-target-person-relatedPerson,高市早苗,character
Th_POL-04011,event-target-organization-subjectOrganization,俄罗斯国家杜马,organization
Th_POL-04011,event-target-organization-relatedOrganization,日本政府,organization
Th_POL-04012,event-target-organization-subjectOrganization,日本政府,organization
Th_POL-04012,event-target-organization-relatedOrganization,俄罗斯国家杜马,organization
Th_POL-04013,event-target-person-subjectPerson,张晗,character
Th_POL-04013,event-target-organization-subjectOrganization,国务院台办,organization
Th_POL-04013,event-target-organization-relatedOrganization,日本政府,organization
Th_POL-04014,event-target-person-subjectPerson,高市早苗,character
Th_POL-04014,event-target-organization-subjectOrganization,日本内阁,organization
Th_POL-04014,event-target-organization-relatedOrganization,中国政府,organization
Th_POL-04015,event-target-organization-relatedOrganization,中国政府,organization
Th_POL-04015,event-target-organization-relatedOrganization,日本政府,organization
Th_POL-04016,event-target-organization-relatedOrganization,中国政府,organization
Th_POL-04016,event-target-organization-relatedOrganization,日本政府,organization
Th_POL-04017,event-target-organization-subjectOrganization,国务院台办,organization
Th_POL-04017,event-target-organization-relatedOrganization,日本政府,organization
Th_POL-04018,event-target-person-subjectPerson,高市早苗,character
Th_POL-04019,event-target-person-subjectPerson,高市早苗,character
Th_POL-04019,event-target-organization-relatedOrganization,日本自民党,organization
Th_POL-04019,event-target-organization-relatedOrganization,中国外交部,organization
Th_POL-04020,event-target-person-subjectPerson,大西广,character
Th_POL-04020,event-target-organization-relatedOrganization,庆应义塾大学,organization
Th_POL-04018,event-target-organization-relatedOrganization,日本内阁,organization
Th_POL-04021,event-target-person-subjectPerson,高市早苗,character
Th_POL-04021,event-target-organization-subjectOrganization,日本政府,organization
Th_POL-04021,event-target-organization-relatedOrganization,中国政府,organization
Th_POL-04022,event-target-person-subjectPerson,高市早苗,character
Th_POL-04022,event-target-organization-subjectOrganization,日本内阁,organization
Th_POL-04022,event-target-organization-relatedOrganization,中国政府,organization
Th_POL-04023,event-target-person-subjectPerson,高市早苗,character
Th_POL-04023,event-target-organization-subjectOrganization,日本防卫省,organization
Th_POL-04023,event-target-organization-relatedOrganization,中国政府,organization
Th_POL-04024,event-target-person-subjectPerson,林剑,character
Th_POL-04024,event-target-organization-subjectOrganization,中国外交部,organization
Th_POL-04024,event-target-organization-relatedOrganization,日本常驻联合国代表团,organization
Th_POL-04025,event-target-organization-subjectOrganization,中国常驻联合国代表团,organization
Th_POL-04025,event-target-organization-relatedOrganization,联合国,organization
Th_POL-04026,event-target-person-subjectPerson,高市早苗,character
Th_POL-04026,event-target-organization-relatedOrganization,日本政府,organization
Th_POL-04027,event-target-organization-relatedOrganization,日本政府,organization
Th_POL-04028,event-target-organization-subjectOrganization,中国外交部,organization
Th_POL-04028,event-target-organization-relatedOrganization,日本政府,organization
Th_POL-04031,event-target-person-subjectPerson,傅聪,character
Th_POL-04031,event-target-person-relatedPerson,山崎和之,character
Th_POL-04031,event-target-organization-subjectOrganization,中国政府,organization
Th_POL-04031,event-target-organization-relatedOrganization,日本政府,organization
Th_POL-04032,event-target-person-subjectPerson,高市早苗,character
Th_POL-04032,event-target-organization-relatedOrganization,日本内阁,organization
Th_POL-04032,event-target-organization-relatedOrganization,中国政府,organization
Th_POL-04033,event-target-person-subjectPerson,山崎和之,character
Th_POL-04033,event-target-organization-subjectOrganization,日本政府,organization
Th_POL-04033,event-target-organization-relatedOrganization,中国政府,organization
Th_POL-04034,event-target-organization-subjectOrganization,中国政府,organization
Th_POL-04034,event-target-organization-relatedOrganization,日本政府,organization
Th_POL-04035,event-target-organization-subjectOrganization,中国政府,organization
Th_POL-04035,event-target-organization-relatedOrganization,日本政府,organization
Th_POL-04036,event-target-person-relatedPerson,高市早苗,character
Th_POL-04036,event-target-person-relatedPerson,本庄知史,character
Th_POL-04036,event-target-organization-subjectOrganization,立宪民主党,organization
Th_POL-04037,event-target-person-relatedPerson,高市早苗,character
Th_POL-04037,event-target-person-relatedPerson,山添拓,character
Th_POL-04037,event-target-organization-subjectOrganization,日本共产党,organization
Th_POL-04038,event-target-person-relatedPerson,高市早苗,character
Th_POL-04038,event-target-person-relatedPerson,大石晃子,character
Th_POL-04038,event-target-organization-subjectOrganization,令和新选组,organization
Th_ECON-00970,event-target-organization-subjectOrganization,日本中央银行,organization
Th_ECON-00970,event-target-person-subjectPerson,植田和男,character
Th_ECON-00970,event-target-organization-relatedOrganization,三井住友银行,organization
Th_ECON-00971,event-target-organization-subjectOrganization,日本财务省,organization
Th_ECON-00972,event-target-organization-subjectOrganization,日本中央银行,organization
Th_POL-04039,event-target-person-subjectPerson,高市早苗,character
Th_POL-04039,event-target-organization-subjectOrganization,日本内阁,organization
Th_POL-04039,event-target-organization-relatedOrganization,中国政府,organization
Th_POL-04040,event-target-person-subjectPerson,高市早苗,character
Th_POL-04040,event-target-organization-subjectOrganization,日本防卫省,organization
Th_POL-04040,event-target-organization-relatedOrganization,中国政府,organization
Th_POL-04041,event-target-organization-subjectOrganization,中国政府,organization
Th_POL-04041,event-target-organization-relatedOrganization,中国外交部,organization
Th_POL-04041,event-target-organization-relatedOrganization,日本政府,organization
Th_POL-04042,event-target-organization-subjectOrganization,日本右翼团体,organization
Th_POL-04042,event-target-person-relatedPerson,台湾民众,character
Th_POL-04042,event-target-organization-relatedOrganization,中国政府,organization
Th_POL-04043,event-target-organization-subjectOrganization,中国政府,organization
Th_POL-04043,event-target-organization-relatedOrganization,中国外交部,organization
Th_POL-04043,event-target-organization-relatedOrganization,日本政府,organization
Th_POL-04046,event-target-person-relatedPerson,高市早苗,character
Th_POL-04046,event-target-organization-relatedOrganization,日本民间团体,organization
Th_POL-04044,event-target-person-subjectPerson,高市早苗,character
Th_POL-04044,event-target-organization-relatedOrganization,日本内阁,organization
Th_POL-04044,event-target-organization-relatedOrganization,中国政府,organization
Th_POL-04045,event-target-person-subjectPerson,高市早苗,character
Th_POL-04045,event-target-organization-relatedOrganization,日本文部科学省,organization
Th_POL-04047,event-target-person-subjectPerson,弗兰克·舒曼,character
Th_POL-04047,event-target-organization-relatedOrganization,席勒研究所,organization
Th_POL-04047,event-target-organization-relatedOrganization,日本政府,organization
Th_POL-04048,event-target-organization-relatedOrganization,日本自民党,organization
Th_POL-04048,event-target-organization-relatedOrganization,日本防卫省,organization
Th_POL-04050,event-target-organization-subjectOrganization,日本内阁,organization
Th_POL-04050,event-target-person-subjectPerson,高市早苗,character
Th_POL-04051,event-target-organization-subjectOrganization,《朝日新闻》,organization
Th_POL-04051,event-target-organization-relatedOrganization,日本政府,organization
Th_POL-04052,event-target-person-subjectPerson,纈纈厚,character
Th_POL-04052,event-target-organization-relatedOrganization,日本政府,organization
Th_POL-04053,event-target-organization-subjectOrganization,日本国会,organization
Th_POL-04053,event-target-organization-relatedOrganization,日本内阁,organization
Th_POL-04055,event-target-person-subjectPerson,毛宁,character
Th_POL-04055,event-target-person-relatedPerson,高市早苗,character
Th_POL-04055,event-target-organization-subjectOrganization,中国外交部,organization
Th_POL-04055,event-target-organization-relatedOrganization,日本政府,organization
Th_POL-04056,event-target-person-subjectPerson,赖清德,character
Th_POL-04056,event-target-person-relatedPerson,高市早苗,character
Th_POL-04056,event-target-organization-subjectOrganization,台湾外事部门,organization
Th_POL-04056,event-target-organization-relatedOrganization,日本政府,organization
Th_POL-04057,event-target-person-subjectPerson,毛宁,character
Th_POL-04057,event-target-organization-subjectOrganization,中国外交部,organization
Th_POL-04057,event-target-organization-relatedOrganization,日本政府,organization
Th_POL-04058,event-target-person-subjectPerson,毛宁,character
Th_POL-04058,event-target-organization-subjectOrganization,中国外交部,organization
Th_POL-04058,event-target-organization-relatedOrganization,日本政府,organization
Th_POL-04059,event-target-person-subjectPerson,毛宁,character
Th_POL-04059,event-target-organization-subjectOrganization,中国外交部,organization
Th_POL-04059,event-target-organization-relatedOrganization,日本政府,organization
Th_POL-04060,event-target-person-subjectPerson,高市早苗,character
Th_POL-04061,event-target-person-subjectPerson,高市早苗,character
Th_POL-04062,event-target-person-subjectPerson,高市早苗,character
Th_POL-04063,event-target-person-subjectPerson,特朗普,character
Th_POL-04063,event-target-organization-subjectOrganization,美国国务院,organization
Th_POL-04064,event-target-person-subjectPerson,林剑,character
Th_POL-04064,event-target-organization-subjectOrganization,中国外交部,organization
Th_POL-04065,event-target-organization-subjectOrganization,中国外交部,organization
Th_POL-04065,event-target-person-subjectPerson,林剑,character
Th_POL-04068,event-target-organization-subjectOrganization,中国外交部,organization
Th_POL-04068,event-target-person-subjectPerson,林剑,character
Th_POL-04066,event-target-organization-subjectOrganization,中国政府,organization
Th_POL-04066,event-target-organization-relatedOrganization,洪都拉斯政府,organization
Th_POL-04067,event-target-organization-subjectOrganization,中国政府,organization
Th_POL-04067,event-target-organization-relatedOrganization,洪都拉斯政府,organization
Th_POL-04070,event-target-organization-subjectOrganization,福建省人大常委会,organization
Th_POL-04071,event-target-person-subjectPerson,张晗,character
Th_POL-04071,event-target-organization-subjectOrganization,国务院台办,organization
Th_POL-04072,event-target-organization-subjectOrganization,司法部,organization
Th_POL-04073,event-target-person-subjectPerson,张晗,character
Th_POL-04073,event-target-organization-subjectOrganization,国务院台办,organization
Th_POL-04074,event-target-person-subjectPerson,张晗,character
Th_POL-04074,event-target-organization-subjectOrganization,国务院台办,organization
Th_POL-04074,event-target-person-relatedPerson,台湾居民,character
Th_POL-04075,event-target-organization-subjectOrganization,出入境管理部门,organization
Th_POL-04075,event-target-person-relatedPerson,台湾居民,character
Th_POL-04075,event-target-facility-occursAtAirport,北京首都机场,facility
Th_POL-04075,event-target-facility-occursAtAirport,深圳皇岗,facility
Th_POL-04075,event-target-facility-occursAtPort,新疆霍尔果斯,facility
Th_POL-04075,event-target-facility-occursAtPort,广西友谊关,facility
Th_POL-04076,event-target-person-subjectPerson,张晗,character
Th_POL-04076,event-target-organization-subjectOrganization,国务院台办,organization
Th_POL-04076,event-target-organization-relatedOrganization,不法机构,organization
Th_POL-04077,event-target-organization-subjectOrganization,大陆公安机关,organization
Th_POL-04077,event-target-person-relatedPerson,台湾居民,character
Th_POL-04078,event-target-person-subjectPerson,张晗,character
Th_POL-04078,event-target-organization-relatedOrganization,民进党当局,organization
Th_POL-04078,event-target-organization-subjectOrganization,国务院台办,organization
Th_POL-04079,event-target-person-subjectPerson,张晗,character
Th_POL-04079,event-target-organization-relatedOrganization,民进党当局,organization
Th_POL-04079,event-target-organization-subjectOrganization,国务院台办,organization
Th_POL-04080,event-target-person-subjectPerson,张晗,character
Th_POL-04080,event-target-organization-relatedOrganization,台湾监察机构,organization
Th_POL-04080,event-target-organization-subjectOrganization,国务院台办,organization
Th_POL-04081,event-target-person-subjectPerson,张晗,character
Th_POL-04081,event-target-person-relatedPerson,王世坚,character
Th_POL-04081,event-target-organization-subjectOrganization,国务院台办,organization
Th_POL-04082,event-target-person-subjectPerson,张晗,character
Th_POL-04082,event-target-organization-relatedOrganization,民进党当局,organization
Th_POL-04082,event-target-organization-subjectOrganization,国务院台办,organization
Th_POL-04084,event-target-person-subjectPerson,张晗,character
Th_POL-04084,event-target-person-relatedPerson,赖清德,character
Th_POL-04084,event-target-organization-subjectOrganization,国务院台办,organization
Th_POL-04085,event-target-person-subjectPerson,张晗,character
Th_POL-04085,event-target-organization-subjectOrganization,国务院台办,organization
Th_POL-04086,event-target-person-subjectPerson,张晗,character
Th_POL-04086,event-target-organization-affectedOrganization,台独分裂势力,organization
Th_POL-04086,event-target-organization-subjectOrganization,国务院台办,organization
Th_POL-04087,event-target-person-subjectPerson,张晗,character
Th_POL-04087,event-target-person-relatedPerson,赖清德,character
Th_POL-04087,event-target-organization-subjectOrganization,国务院台办,organization
Th_POL-04088,event-target-person-subjectPerson,张晗,character
Th_POL-04088,event-target-organization-subjectOrganization,国务院台办,organization
Th_MIL-00475,event-target-person-subjectPerson,高市早苗,character
Th_MIL-00475,event-target-organization-subjectOrganization,日本政府,organization
Th_MIL-00475,event-target-organization-relatedOrganization,俄罗斯国家杜马,organization
Th_MIL-00476,event-target-organization-subjectOrganization,日本政府,organization
Th_MIL-00476,event-target-organization-relatedOrganization,俄罗斯政府,organization
Th_MIL-00477,event-target-person-subjectPerson,诺维科夫,character
Th_MIL-00477,event-target-person-relatedPerson,高市早苗,character
Th_MIL-00477,event-target-organization-subjectOrganization,俄罗斯政府,organization
Th_MIL-00477,event-target-organization-relatedOrganization,日本政府,organization
Th_POL-04089,event-target-person-subjectPerson,张晗,character
Th_POL-04089,event-target-organization-subjectOrganization,国务院台办,organization
Th_POL-04089,event-target-organization-relatedOrganization,台湾地区政府,organization
Th_POL-04090,event-target-person-subjectPerson,赖清德,character
Th_POL-04090,event-target-organization-subjectOrganization,台湾地区政府,organization
Th_POL-04090,event-target-organization-relatedOrganization,国务院台办,organization
Th_POL-04093,event-target-person-subjectPerson,张晗,character
Th_POL-04093,event-target-organization-subjectOrganization,国务院台办,organization
Th_POL-04093,event-target-organization-relatedOrganization,日本政府,organization
Th_POL-04094,event-target-person-subjectPerson,张晗,character
Th_POL-04094,event-target-organization-subjectOrganization,国务院台办,organization
Th_POL-04095,event-target-person-subjectPerson,张晗,character
Th_POL-04095,event-target-organization-subjectOrganization,国务院台办,organization
Th_POL-04096,event-target-person-subjectPerson,张晗,character
Th_POL-04096,event-target-person-relatedPerson,高市早苗,character
Th_POL-04096,event-target-organization-subjectOrganization,国务院台办,organization
Th_POL-04096,event-target-organization-relatedOrganization,日本政府,organization
Th_POL-04097,event-target-person-subjectPerson,张晗,character
Th_POL-04097,event-target-organization-subjectOrganization,国务院台办,organization
Th_POL-04097,event-target-organization-relatedOrganization,日本政府,organization
Th_POL-04099,event-target-person-subjectPerson,马晓光,character
Th_POL-04099,event-target-organization-relatedOrganization,海峡两岸关系协会,organization
Th_POL-04100,event-target-person-subjectPerson,曾卫东,character
Th_POL-04100,event-target-organization-relatedOrganization,广州市台办,organization
Th_POL-04101,event-target-person-subjectPerson,蔡女士,character
Th_POL-04101,event-target-organization-relatedOrganization,台湾媒体机构,organization
Th_POL-04102,event-target-organization-relatedOrganization,两岸暨港澳媒体联合采访团,organization
Th_POL-04104,event-target-person-subjectPerson,王毅,character
Th_POL-04104,event-target-person-subjectPerson,拉夫罗夫,character
Th_POL-04104,event-target-organization-subjectOrganization,中国外交部,organization
Th_POL-04104,event-target-organization-subjectOrganization,俄罗斯外交部,organization
Th_POL-04105,event-target-person-subjectPerson,习近平,character
Th_POL-04105,event-target-person-subjectPerson,普京,character
Th_POL-04105,event-target-organization-subjectOrganization,中华人民共和国,organization
Th_POL-04105,event-target-organization-subjectOrganization,俄罗斯联邦,organization
Th_POL-04106,event-target-person-subjectPerson,普京,character
Th_POL-04106,event-target-organization-subjectOrganization,俄罗斯联邦政府,organization
Th_POL-04107,event-target-organization-subjectOrganization,中华人民共和国,organization
Th_POL-04107,event-target-organization-subjectOrganization,俄罗斯联邦,organization
Th_POL-04108,event-target-organization-subjectOrganization,中华人民共和国,organization
Th_POL-04108,event-target-organization-subjectOrganization,俄罗斯联邦,organization
Th_POL-04110,event-target-organization-subjectOrganization,中国中央外办,organization
Th_POL-04110,event-target-organization-subjectOrganization,俄罗斯联邦安全会议,organization
Th_POL-04110,event-target-person-subjectPerson,王毅,character
Th_POL-04110,event-target-person-subjectPerson,绍伊古,character
Th_POL-04111,event-target-organization-subjectOrganization,中国中央外办,organization
Th_POL-04111,event-target-organization-subjectOrganization,俄罗斯联邦安全会议,organization
Th_POL-04112,event-target-organization-subjectOrganization,中国中央外办,organization
Th_POL-04112,event-target-organization-subjectOrganization,俄罗斯联邦安全会议,organization
Th_POL-04112,event-target-person-subjectPerson,王毅,character
Th_POL-04112,event-target-person-subjectPerson,绍伊古,character
Th_POL-04113,event-target-organization-subjectOrganization,中国中央外办,organization
Th_POL-04113,event-target-organization-subjectOrganization,俄罗斯联邦安全会议,organization
Th_POL-04114,event-target-organization-subjectOrganization,中国中央外办,organization
Th_POL-04114,event-target-organization-subjectOrganization,俄罗斯联邦安全会议,organization
Th_POL-04115,event-target-organization-subjectOrganization,民进党当局,organization
Th_POL-04115,event-target-person-subjectPerson,赖清德,character
Th_POL-04117,event-target-organization-subjectOrganization,民进党当局,organization
Th_POL-04117,event-target-person-subjectPerson,邓万华,character
Th_POL-04117,event-target-person-subjectPerson,史雪燕,character
Th_POL-04118,event-target-organization-relatedOrganization,民进党当局,organization
Th_POL-04118,event-target-organization-subjectOrganization,台湾《联合报》,organization
Th_POL-04119,event-target-organization-relatedOrganization,民进党当局,organization
Th_POL-04119,event-target-person-subjectPerson,刘文戈,character
Th_POL-04120,event-target-person-subjectPerson,张晗,character
Th_POL-04120,event-target-organization-relatedOrganization,民进党当局,organization
Th_POL-04120,event-target-person-relatedPerson,赖清德,character
Th_POL-04120,event-target-organization-subjectOrganization,国务院台办,organization
Th_POL-04121,event-target-person-subjectPerson,张晗,character
Th_POL-04121,event-target-organization-relatedOrganization,民进党当局,organization
Th_POL-04121,event-target-organization-subjectOrganization,国务院台办,organization
Th_POL-04122,event-target-person-relatedPerson,张晗,character
Th_POL-04122,event-target-organization-relatedOrganization,民进党,organization
Th_POL-04122,event-target-organization-subjectOrganization,台湾监察机构,organization
Th_POL-04123,event-target-person-subjectPerson,张晗,character
Th_POL-04123,event-target-person-relatedPerson,王世坚,character
Th_POL-04123,event-target-organization-relatedOrganization,民进党,organization
Th_POL-04123,event-target-organization-subjectOrganization,国务院台办,organization
Th_POL-04124,event-target-person-subjectPerson,张晗,character
Th_POL-04124,event-target-organization-relatedOrganization,民进党当局,organization
Th_POL-04124,event-target-organization-subjectOrganization,国务院台办,organization
Th_POL-04125,event-target-person-subjectPerson,张晗,character
Th_POL-04125,event-target-person-relatedPerson,赖清德,character
Th_POL-04125,event-target-organization-subjectOrganization,国务院台办,organization
Th_POL-04125,event-target-organization-relatedOrganization,民进党当局,organization
Th_POL-04126,event-target-person-subjectPerson,赖清德,character
Th_POL-04126,event-target-organization-subjectOrganization,民进党当局,organization
Th_POL-04128,event-target-person-subjectPerson,张晗,character
Th_POL-04128,event-target-person-relatedPerson,赖清德,character
Th_POL-04128,event-target-organization-subjectOrganization,国务院台办,organization
Th_POL-04129,event-target-person-subjectPerson,张晗,character
Th_POL-04129,event-target-organization-subjectOrganization,国务院台办,organization
Th_POL-04130,event-target-organization-subjectOrganization,福建海警,organization
Th_POL-04130,event-target-organization-relatedOrganization,民进党当局,organization
Th_POL-04131,event-target-person-subjectPerson,张晗,character
Th_POL-04131,event-target-organization-subjectOrganization,国务院台办,organization
Th_POL-04131,event-target-organization-relatedOrganization,民进党当局,organization
Th_POL-04132,event-target-organization-subjectOrganization,国务院台办,organization
Th_POL-04132,event-target-organization-relatedOrganization,民进党当局,organization
Th_POL-04133,event-target-person-subjectPerson,张晗,character
Th_POL-04133,event-target-person-relatedPerson,高市早苗,character
Th_POL-04133,event-target-organization-subjectOrganization,国务院台办,organization
Th_POL-04133,event-target-organization-relatedOrganization,日本政府,organization
Th_POL-04134,event-target-person-subjectPerson,高市早苗,character
Th_POL-04134,event-target-person-relatedPerson,张晗,character
Th_POL-04134,event-target-organization-subjectOrganization,日本政府,organization
Th_POL-04134,event-target-organization-relatedOrganization,国务院台办,organization
Th_POL-04135,event-target-person-subjectPerson,高市早苗,character
Th_POL-04135,event-target-organization-subjectOrganization,日本内阁,organization
Th_POL-04136,event-target-person-subjectPerson,高市早苗,character
Th_POL-04136,event-target-organization-subjectOrganization,日本自民党,organization
Th_POL-04137,event-target-person-subjectPerson,大西广,character
Th_POL-04137,event-target-person-relatedPerson,高市早苗,character
Th_POL-04138,event-target-person-subjectPerson,大西广,character
Th_POL-04138,event-target-organization-relatedOrganization,日本政府,organization
Th_POL-04139,event-target-person-subjectPerson,大西广,character
Th_POL-04139,event-target-organization-relatedOrganization,日本政府,organization
Th_POL-04140,event-target-person-subjectPerson,高市早苗,character
Th_POL-04140,event-target-organization-subjectOrganization,日本政府,organization
Th_POL-04141,event-target-person-subjectPerson,高市早苗,character
Th_POL-04141,event-target-organization-relatedOrganization,日本右翼势力,organization
Th_POL-04142,event-target-organization-relatedOrganization,中国政府,organization
Th_POL-04143,event-target-person-subjectPerson,高市早苗,character
Th_POL-04143,event-target-organization-relatedOrganization,日本右翼政党,organization
Th_POL-04143,event-target-organization-relatedOrganization,中国政府,organization
Th_POL-04144,event-target-organization-subjectOrganization,中国政府,organization
Th_MIL-00478,event-target-organization-subjectOrganization,日本政府,organization
Th_MIL-00478,event-target-organization-relatedOrganization,美国,organization
Th_MIL-00479,event-target-organization-subjectOrganization,日本政府,organization
Th_MIL-00479,event-target-organization-relatedOrganization,美国,organization
Th_MIL-00480,event-target-organization-subjectOrganization,日本政府,organization
Th_MIL-00480,event-target-person-subjectPerson,高市早苗,character
Th_MIL-00481,event-target-person-subjectPerson,赖清德,character
Th_MIL-00482,event-target-person-subjectPerson,赖清德,character
Th_MIL-00483,event-target-person-subjectPerson,赖清德,character
Th_MIL-00484,event-target-person-subjectPerson,赖清德,character
Th_MIL-00485,event-target-person-subjectPerson,赖清德,character
Th_MIL-00481,event-target-organization-subjectOrganization,台湾当局,organization
Th_MIL-00482,event-target-organization-subjectOrganization,台湾财政部门,organization
Th_MIL-00483,event-target-organization-subjectOrganization,台湾防务部门,organization
Th_MIL-00484,event-target-organization-subjectOrganization,台湾当局,organization
Th_MIL-00485,event-target-organization-subjectOrganization,台湾防务体系,organization
Th_POL-04145,event-target-person-subjectPerson,张晗,character
Th_POL-04145,event-target-organization-subjectOrganization,国务院台办,organization
Th_POL-04145,event-target-organization-relatedOrganization,民进党当局,organization
Th_POL-04146,event-target-person-subjectPerson,赖清德,character
Th_POL-04146,event-target-organization-relatedOrganization,国民党,organization
Th_POL-04147,event-target-organization-subjectOrganization,民进党当局,organization
Th_POL-04147,event-target-organization-relatedOrganization,台湾企业,organization
Th_POL-04148,event-target-person-relatedPerson,张晗,character
Th_POL-04148,event-target-organization-relatedOrganization,台湾监察机构,organization
Th_POL-04149,event-target-person-subjectPerson,张晗,character
Th_POL-04149,event-target-person-relatedPerson,王世坚,character
Th_POL-04150,event-target-organization-relatedOrganization,民进党当局,organization
Th_POL-04150,event-target-person-relatedPerson,赖清德,character
Th_POL-04150,event-target-person-subjectPerson,吴荣元,character
Th_POL-04150,event-target-organization-subjectOrganization,台湾劳动党,organization
Th_POL-04151,event-target-organization-subjectOrganization,民进党当局,organization
Th_POL-04151,event-target-person-subjectPerson,赖清德,character
Th_POL-04151,event-target-organization-relatedOrganization,美国媒体,organization
Th_POL-04152,event-target-organization-relatedOrganization,民进党当局,organization
Th_POL-04152,event-target-person-subjectPerson,吴荣元,character
Th_POL-04152,event-target-organization-subjectOrganization,台湾劳动党,organization
Th_POL-04153,event-target-organization-relatedOrganization,民进党当局,organization
Th_POL-04153,event-target-person-subjectPerson,黄德北,character
Th_POL-04153,event-target-organization-subjectOrganization,左翼联盟,organization
Th_POL-04154,event-target-organization-relatedOrganization,民进党当局,organization
Th_POL-04154,event-target-organization-subjectOrganization,台湾抗议团体,organization
Th_POL-04155,event-target-person-subjectPerson,毛宁,character
Th_POL-04155,event-target-person-relatedPerson,高市早苗,character
Th_POL-04155,event-target-organization-subjectOrganization,中国外交部,organization
Th_POL-04155,event-target-organization-relatedOrganization,日本政府,organization
Th_POL-04156,event-target-person-subjectPerson,赖清德,character
Th_POL-04156,event-target-person-relatedPerson,高市早苗,character
Th_POL-04156,event-target-organization-subjectOrganization,台湾外事部门,organization
Th_POL-04156,event-target-organization-relatedOrganization,日本政府,organization
Th_POL-04157,event-target-person-subjectPerson,毛宁,character
Th_POL-04157,event-target-organization-subjectOrganization,中国外交部,organization
Th_POL-04157,event-target-organization-relatedOrganization,日本政府,organization
Th_POL-04158,event-target-person-subjectPerson,毛宁,character
Th_POL-04158,event-target-organization-subjectOrganization,中国外交部,organization
Th_POL-04158,event-target-organization-relatedOrganization,日本政府,organization
Th_POL-04159,event-target-person-subjectPerson,毛宁,character
Th_POL-04159,event-target-organization-subjectOrganization,中国外交部,organization
Th_POL-04159,event-target-organization-relatedOrganization,日本政府,organization
Th_POL-04160,event-target-person-subjectPerson,毛宁,character
Th_POL-04160,event-target-person-relatedPerson,高市早苗,character
Th_POL-04160,event-target-organization-subjectOrganization,中国外交部,organization
Th_POL-04160,event-target-organization-relatedOrganization,日本政府,organization
Th_POL-04161,event-target-organization-subjectOrganization,民进党当局,organization
Th_POL-04161,event-target-organization-relatedOrganization,中国外交部,organization
Th_POL-04162,event-target-organization-relatedOrganization,日本政府,organization
Th_POL-04162,event-target-organization-subjectOrganization,中国外交部,organization
Th_POL-04163,event-target-person-subjectPerson,高市早苗,character
Th_POL-04163,event-target-organization-subjectOrganization,日本内阁,organization
Th_POL-04163,event-target-organization-relatedOrganization,中国政府,organization
Th_POL-04164,event-target-organization-subjectOrganization,中国外交部,organization
Th_POL-04164,event-target-organization-relatedOrganization,日本政府,organization
Th_POL-04165,event-target-organization-subjectOrganization,俄罗斯外交部,organization
Th_POL-04165,event-target-organization-relatedOrganization,日本政府,organization
Th_POL-04165,event-target-person-relatedPerson,披尼,character
Th_POL-04166,event-target-person-subjectPerson,高市早苗,character
Th_POL-04166,event-target-organization-relatedOrganization,日本自民党,organization
Th_POL-04167,event-target-organization-relatedOrganization,日本内阁,organization
Th_POL-04168,event-target-person-subjectPerson,宋涛,character
Th_POL-04168,event-target-person-relatedPerson,林炳坤,character
Th_POL-04168,event-target-organization-subjectOrganization,中共中央台办,organization
Th_POL-04168,event-target-organization-subjectOrganization,国务院台办,organization
Th_POL-04168,event-target-organization-relatedOrganization,无党团结联盟,organization
Th_POL-04169,event-target-person-subjectPerson,宋涛,character
Th_POL-04169,event-target-organization-subjectOrganization,中国政府,organization
Th_POL-04169,event-target-organization-relatedOrganization,日本政府,organization
Th_POL-04170,event-target-person-subjectPerson,林炳坤,character
Th_POL-04170,event-target-organization-relatedOrganization,无党团结联盟,organization
Th_POL-04170,event-target-organization-relatedOrganization,台湾渔业界,organization
Th_POL-04173,event-target-organization-relatedOrganization,中国国防部,organization
Th_POL-04173,event-target-organization-relatedOrganization,美国国防部,organization
Th_POL-04174,event-target-organization-subjectOrganization,中国国防部,organization
Th_POL-04174,event-target-organization-relatedOrganization,东盟国家国防部,organization
Th_POL-04175,event-target-organization-relatedOrganization,中国国防部,organization
Th_POL-04175,event-target-organization-relatedOrganization,台湾当局,organization
Th_MIL-00486,event-target-organization-subjectOrganization,日本防卫省,organization
Th_MIL-00486,event-target-organization-relatedOrganization,中国国防部,organization
Th_MIL-00487,event-target-organization-subjectOrganization,日本政府,organization
Th_MIL-00487,event-target-organization-relatedOrganization,美国,organization
Th_MIL-00488,event-target-organization-subjectOrganization,日本自民党,organization
Th_MIL-00488,event-target-organization-relatedOrganization,日本政府,organization
Th_MIL-00489,event-target-organization-subjectOrganization,中国国防部,organization
Th_MIL-00489,event-target-organization-relatedOrganization,日本防卫省,organization
Th_MIL-00490,event-target-organization-subjectOrganization,日本政府,organization
Th_MIL-00490,event-target-organization-relatedOrganization,中国国防部,organization
Th_POL-04176,event-target-person-subjectPerson,赖清德,character
Th_POL-04176,event-target-organization-relatedOrganization,民进党当局,organization
Th_POL-00285,event-target-person-subjectPerson,赖清德,character
Th_POL-00285,event-target-organization-relatedOrganization,民进党当局,organization
Th_POL-00285,event-target-organization-relatedOrganization,美国,organization
Th_POL-04181,event-target-organization-subjectOrganization,中国外交部,organization
Th_POL-04178,event-target-person-subjectPerson,林剑,character
Th_POL-04182,event-target-person-relatedPerson,台湾官员,character
Th_POL-04179,event-target-organization-subjectOrganization,中国与洪都拉斯政府,organization
Th_POL-04180,event-target-organization-subjectOrganization,中国政府,organization
Th_POL-04180,event-target-organization-relatedOrganization,洪都拉斯政府,organization
Th_POL-04178,event-target-organization-relatedOrganization,中国外交部,organization
Th_POL-04181,event-target-organization-relatedOrganization,台独分裂势力,organization
Th_POL-04183,event-target-person-relatedPerson,张晗,character
Th_POL-04183,event-target-person-relatedPerson,赖清德,character
Th_POL-04183,event-target-organization-subjectOrganization,国务院台办,organization
Th_POL-04183,event-target-organization-relatedOrganization,民进党当局,organization
Th_POL-04184,event-target-person-relatedPerson,张晗,character
Th_POL-04184,event-target-organization-relatedOrganization,国务院台办,organization
Th_POL-04184,event-target-organization-subjectOrganization,民进党当局,organization
Th_POL-04185,event-target-person-relatedPerson,张晗,character
Th_POL-04185,event-target-organization-relatedOrganization,国务院台办,organization
Th_POL-04185,event-target-organization-subjectOrganization,台湾监察机构,organization
Th_POL-04186,event-target-person-subjectPerson,王世坚,character
Th_POL-04186,event-target-person-relatedPerson,张晗,character
Th_POL-04186,event-target-organization-relatedOrganization,国务院台办,organization
Th_POL-04187,event-target-person-relatedPerson,张晗,character
Th_POL-04187,event-target-organization-subjectOrganization,国务院台办,organization
Th_POL-04187,event-target-organization-relatedOrganization,民进党当局,organization
Th_POL-04188,event-target-person-subjectPerson,张晗,character
Th_POL-04188,event-target-person-relatedPerson,赖清德,character
Th_POL-04188,event-target-organization-subjectOrganization,国务院台办,organization
Th_POL-04188,event-target-organization-relatedOrganization,民进党当局,organization
Th_POL-04189,event-target-person-subjectPerson,赖清德,character
Th_POL-04189,event-target-organization-subjectOrganization,民进党当局,organization
Th_POL-04189,event-target-organization-relatedOrganization,美国,organization
Th_POL-04190,event-target-organization-subjectOrganization,福建海警,organization
Th_POL-04190,event-target-organization-relatedOrganization,民进党当局,organization
Th_POL-04191,event-target-organization-subjectOrganization,台湾民众,organization
Th_POL-04191,event-target-organization-relatedOrganization,民进党当局,organization
Th_POL-04192,event-target-person-subjectPerson,张晗,character
Th_POL-04192,event-target-organization-relatedOrganization,美国,organization
Th_POL-04192,event-target-organization-subjectOrganization,国务院台办,organization
Th_POL-04194,event-target-person-subjectPerson,张晗,character
Th_POL-04194,event-target-person-relatedPerson,赖清德,character
Th_POL-04194,event-target-organization-subjectOrganization,国务院台办,organization
Th_POL-04194,event-target-organization-relatedOrganization,台湾民进党当局,organization
Th_POL-04195,event-target-person-subjectPerson,张晗,character
Th_POL-04195,event-target-organization-subjectOrganization,国务院台办,organization
Th_POL-04196,event-target-person-subjectPerson,张晗,character
Th_POL-04196,event-target-organization-relatedOrganization,中国政府,organization
Th_POL-04196,event-target-organization-relatedOrganization,台独分裂势力,organization
Th_POL-04197,event-target-person-subjectPerson,张晗,character
Th_POL-04197,event-target-person-relatedPerson,赖清德,character
Th_POL-04197,event-target-organization-subjectOrganization,国务院台办,organization
Th_POL-04197,event-target-organization-relatedOrganization,台湾民进党,organization
Th_POL-04198,event-target-person-subjectPerson,张晗,character
Th_POL-04198,event-target-organization-relatedOrganization,中国政府,organization
Th_POL-04198,event-target-organization-relatedOrganization,台湾各政党团体,organization
Th_POL-04199,event-target-person-subjectPerson,张晗,character
Th_POL-04199,event-target-organization-subjectOrganization,国务院台办,organization
Th_POL-04199,event-target-person-relatedPerson,赖清德,character
Th_POL-04199,event-target-organization-relatedOrganization,台湾地区政府,organization
Th_POL-04200,event-target-person-subjectPerson,赖清德,character
Th_POL-04200,event-target-organization-subjectOrganization,台湾地区政府,organization
Th_POL-04200,event-target-person-relatedPerson,张晗,character
Th_POL-04200,event-target-organization-relatedOrganization,国务院台办,organization
Th_POL-04201,event-target-person-subjectPerson,特朗普,character
Th_POL-04201,event-target-organization-relatedOrganization,美国国务院,organization
Th_POL-04201,event-target-organization-relatedOrganization,中国台湾地区,organization
Th_POL-04202,event-target-person-subjectPerson,林剑,character
Th_POL-04202,event-target-organization-subjectOrganization,中国外交部,organization
Th_POL-04202,event-target-organization-relatedOrganization,美国国务院,organization
Th_ECON-00973,event-target-organization-subjectOrganization,中国外交部,organization
Th_ECON-00973,event-target-organization-relatedOrganization,洪都拉斯政府,organization
Th_ECON-00974,event-target-organization-subjectOrganization,中国两国企业,organization
Th_ECON-00974,event-target-organization-relatedOrganization,洪都拉斯企业,organization
Th_ECON-00975,event-target-organization-subjectOrganization,洪都拉斯政府,organization
Th_ECON-00975,event-target-organization-relatedOrganization,中国海关,organization
Th_ECON-00976,event-target-organization-subjectOrganization,中国商务部,organization
Th_ECON-00976,event-target-organization-relatedOrganization,洪都拉斯农业部,organization
Th_ECON-00977,event-target-organization-subjectOrganization,中国政府,organization
Th_ECON-00977,event-target-organization-relatedOrganization,洪都拉斯农业部门,organization
Th_POL-04203,event-target-organization-relatedOrganization,俄罗斯外交部,organization
Th_POL-04203,event-target-organization-relatedOrganization,日本政府,organization
Th_POL-04203,event-target-person-relatedPerson,扎哈罗娃,character
Th_POL-04203,event-target-person-relatedPerson,高市早苗,character
Th_POL-04204,event-target-organization-relatedOrganization,俄罗斯外交部,organization
Th_POL-04204,event-target-organization-relatedOrganization,日本政府,organization
Th_POL-04205,event-target-person-relatedPerson,小泉进次郎,character
Th_POL-04205,event-target-organization-relatedOrganization,日本防卫省,organization
Th_MIL-00491,event-target-person-relatedPerson,小泉进次郎,character
Th_MIL-00491,event-target-organization-relatedOrganization,日本防卫省,organization
Th_MIL-00491,event-target-organization-relatedOrganization,美国国防部,organization
Th_POL-04206,event-target-person-relatedPerson,高市早苗,character
Th_POL-04206,event-target-organization-relatedOrganization,日本内阁,organization
Th_POL-04207,event-target-person-subjectPerson,赖清德,character
Th_POL-04207,event-target-organization-subjectOrganization,台湾当局,organization
Th_POL-04208,event-target-person-relatedPerson,李振广,character
Th_POL-04208,event-target-organization-relatedOrganization,北京联合大学台湾研究院,organization
Th_POL-04209,event-target-person-relatedPerson,王英津,character
Th_POL-04209,event-target-organization-relatedOrganization,中国人民大学两岸关系研究中心,organization
Th_POL-04210,event-target-person-relatedPerson,陈桂清,character
Th_POL-04210,event-target-organization-relatedOrganization,中国社科院台湾研究所,organization
Th_POL-04211,event-target-person-relatedPerson,李振广,character
Th_POL-04211,event-target-organization-relatedOrganization,北京联合大学台湾研究院,organization
Th_POL-04214,event-target-person-subjectPerson,吴荣元,character
Th_POL-04214,event-target-organization-subjectOrganization,台湾劳动党,organization
Th_POL-04214,event-target-organization-relatedOrganization,民进党当局,organization
Th_POL-04215,event-target-person-subjectPerson,黄德北,character
Th_POL-04215,event-target-organization-subjectOrganization,左翼联盟,organization
Th_POL-04215,event-target-organization-relatedOrganization,民进党当局,organization
Th_POL-04216,event-target-organization-subjectOrganization,台湾抗议团体联合组织,organization
Th_POL-04216,event-target-organization-relatedOrganization,美国,organization
Th_POL-04217,event-target-organization-subjectOrganization,福建海警局,organization
Th_POL-04217,event-target-organization-relatedOrganization,民进党当局,organization
Th_POL-04218,event-target-organization-subjectOrganization,国务院台办,organization
Th_POL-04218,event-target-person-leaderOrSpokesperson,张晗,character
Th_POL-04218,event-target-organization-relatedOrganization,民进党当局,organization
Th_POL-04219,event-target-person-subjectPerson,毛宁,character
Th_POL-04219,event-target-person-relatedPerson,高市早苗,character
Th_POL-04219,event-target-organization-subjectOrganization,中国外交部,organization
Th_POL-04219,event-target-organization-relatedOrganization,日本政府,organization
Th_POL-04220,event-target-person-subjectPerson,赖清德,character
Th_POL-04220,event-target-person-relatedPerson,高市早苗,character
Th_POL-04220,event-target-organization-subjectOrganization,台湾外事部门,organization
Th_POL-04220,event-target-organization-relatedOrganization,日本政府,organization
Th_POL-04221,event-target-organization-subjectOrganization,中国外交部,organization
Th_POL-04221,event-target-organization-relatedOrganization,日本政府,organization
Th_POL-04222,event-target-person-subjectPerson,毛宁,character
Th_POL-04222,event-target-organization-relatedOrganization,日本政府,organization
Th_POL-04223,event-target-organization-relatedOrganization,民进党当局,organization
Th_POL-04224,event-target-person-subjectPerson,毛宁,character
Th_POL-04224,event-target-person-relatedPerson,高市早苗,character
Th_POL-04224,event-target-organization-subjectOrganization,中国外交部,organization
Th_POL-04224,event-target-organization-relatedOrganization,日本政府,organization
Th_POL-04225,event-target-organization-subjectOrganization,民进党当局,organization
Th_POL-04225,event-target-organization-relatedOrganization,中国政府,organization
Th_POL-04226,event-target-organization-subjectOrganization,中国外交部,organization
Th_POL-04226,event-target-organization-relatedOrganization,日本政府,organization
Th_POL-04227,event-target-person-subjectPerson,高市早苗,character
Th_POL-04227,event-target-organization-relatedOrganization,日本内阁,organization
Th_POL-04227,event-target-organization-relatedOrganization,中华人民共和国,organization
Th_POL-04228,event-target-organization-subjectOrganization,中华人民共和国政府,organization
Th_POL-04228,event-target-organization-relatedOrganization,日本政府,organization
Th_POL-04229,event-target-organization-subjectOrganization,俄罗斯联邦外交部,organization
Th_POL-04229,event-target-organization-relatedOrganization,日本政府,organization
Th_POL-04230,event-target-person-relatedPerson,披尼,character
Th_POL-04230,event-target-organization-relatedOrganization,泰国政府,organization
Th_POL-04230,event-target-organization-relatedOrganization,日本政府,organization
Th_POL-04231,event-target-person-relatedPerson,高市早苗,character
Th_POL-04231,event-target-person-affectedPerson,日本民众,character
Th_POL-04232,event-target-organization-subjectOrganization,柬埔寨外交与国际合作部,organization
Th_POL-04232,event-target-organization-relatedOrganization,台湾当局,organization
Th_POL-04233,event-target-organization-subjectOrganization,柬埔寨政府,organization
Th_POL-04233,event-target-organization-relatedOrganization,台湾分裂势力,organization
Th_POL-04234,event-target-person-subjectPerson,宋涛,character
Th_POL-04234,event-target-person-relatedPerson,林炳坤,character
Th_POL-04234,event-target-organization-subjectOrganization,中共中央台办,organization
Th_POL-04234,event-target-organization-subjectOrganization,国务院台办,organization
Th_POL-04234,event-target-organization-relatedOrganization,无党团结联盟,organization
Th_POL-04234,event-target-organization-relatedOrganization,台湾渔业界代表团,organization
Th_POL-04235,event-target-person-subjectPerson,宋涛,character
Th_POL-04235,event-target-organization-subjectOrganization,中国政府,organization
Th_POL-04235,event-target-organization-relatedOrganization,日本政府,organization
Th_POL-04236,event-target-person-subjectPerson,林炳坤,character
Th_POL-04236,event-target-organization-relatedOrganization,无党团结联盟,organization
Th_POL-04236,event-target-organization-relatedOrganization,台湾渔业界代表团,organization
Th_POL-04237,event-target-person-subjectPerson,张晗,character
Th_POL-04237,event-target-organization-subjectOrganization,国务院台办,organization
Th_POL-04237,event-target-organization-relatedOrganization,民进党当局,organization
Th_POL-04238,event-target-person-subjectPerson,赖清德,character
Th_POL-04238,event-target-organization-subjectOrganization,国民党,organization
Th_POL-04239,event-target-organization-subjectOrganization,民进党当局,organization
Th_POL-04239,event-target-organization-affectedOrganization,大陆企业,organization
Th_POL-04240,event-target-organization-subjectOrganization,台湾监察机构,organization
Th_POL-04240,event-target-organization-affectedOrganization,大陆食品企业,organization
Th_POL-04241,event-target-person-subjectPerson,王世坚,character
Th_POL-04241,event-target-organization-relatedOrganization,国务院台办,organization
Th_POL-04242,event-target-person-subjectPerson,张晗,character
Th_POL-04242,event-target-person-relatedPerson,赖清德,character
Th_POL-04242,event-target-organization-subjectOrganization,国务院台办,organization
Th_POL-04242,event-target-organization-relatedOrganization,民进党当局,organization
Th_POL-04243,event-target-person-subjectPerson,赖清德,character
Th_POL-04243,event-target-organization-subjectOrganization,民进党当局,organization
Th_POL-04244,event-target-organization-subjectOrganization,福建海警,organization
Th_POL-04244,event-target-organization-relatedOrganization,民进党当局,organization
Th_POL-04245,event-target-organization-affectedOrganization,台湾民众,organization
Th_POL-04245,event-target-organization-relatedOrganization,民进党当局,organization
Th_POL-04246,event-target-organization-subjectOrganization,国务院台办,organization
Th_POL-04246,event-target-organization-relatedOrganization,美国政府,organization
