src_id,relation,dst_id
Th_POL-00005,event-target-organization-relatedOrganization,ORG-00337
Th_POL-00011,event-target-organization-relatedOrganization,ORG-00049
Th_POL-00012,event-target-organization-relatedOrganization,ORG-00049
Th_MIL-00002,event-target-organization-relatedOrganization,ORG-00357
Th_MIL-00004,event-target-organization-relatedOrganization,ORG-00087
Th_POL-00016,event-target-organization-relatedOrganization,ORG-00048
Th_POL-00017,event-target-organization-subjectOrganization,ORG-00073
Th_POL-00018,event-target-organization-subjectOrganization,ORG-00049
Th_MIL-00013,event-target-organization-subjectOrganization,ORG-00048
Th_MIL-00014,event-target-organization-relatedOrganization,ORG-00350
Th_POL-00020,event-target-person-relatedPerson,PER-00183
Th_POL-00020,event-target-organization-subjectOrganization,ORG-00049
Th_POL-00021,event-target-person-subjectPerson,PER-00183
Th_POL-00021,event-target-organization-subjectOrganization,ORG-00049
Th_POL-00025,event-target-person-subjectPerson,PER-00183
Th_POL-00025,event-target-organization-relatedOrganization,ORG-00048
Th_POL-00027,event-target-organization-relatedOrganization,ORG-00049
Th_MIL-00016,event-target-person-relatedPerson,PER-00183
Th_MIL-00017,event-target-person-subjectPerson,PER-00183
Th_MIL-00018,event-target-person-subjectPerson,PER-00183
Th_MIL-00019,event-target-person-relatedPerson,PER-00183
Th_MIL-00019,event-target-organization-subjectOrganization,ORG-00025
Th_ECON-00005,event-target-person-subjectPerson,PER-00183
Th_ECON-00005,event-target-organization-subjectOrganization,ORG-00337
Th_ECON-00006,event-target-person-relatedPerson,PER-00183
Th_ECON-00007,event-target-organization-subjectOrganization,ORG-00337
Th_ECON-00008,event-target-organization-relatedOrganization,ORG-00048
Th_ECON-00009,event-target-organization-subjectOrganization,ORG-00048
Th_POL-00032,event-target-person-relatedPerson,PER-00183
Th_POL-00033,event-target-person-subjectPerson,PER-00183
Th_POL-00040,event-target-person-relatedPerson,PER-00183
Th_POL-00040,event-target-organization-relatedOrganization,ORG-00305
Th_POL-00041,event-target-organization-relatedOrganization,ORG-00072
Th_POL-00042,event-target-person-relatedPerson,PER-00183
Th_POL-00042,event-target-organization-relatedOrganization,ORG-00305
Th_POL-00047,event-target-organization-subjectOrganization,ORG-00305
Th_POL-00048,event-target-organization-subjectOrganization,ORG-00025
Th_POL-00049,event-target-organization-relatedOrganization,ORG-00025
Th_POL-00051,event-target-organization-subjectOrganization,ORG-00025
Th_POL-00057,event-target-person-relatedPerson,PER-00183
Th_POL-00058,event-target-person-subjectPerson,PER-00183
Th_POL-00060,event-target-organization-subjectOrganization,ORG-00030
Th_POL-00060,event-target-person-relatedPerson,PER-00183
Th_POL-00061,event-target-person-relatedPerson,PER-00183
Th_POL-00063,event-target-person-subjectPerson,PER-00235
Th_POL-00064,event-target-organization-subjectOrganization,ORG-00048
Th_POL-00071,event-target-organization-subjectOrganization,ORG-00049
Th_POL-00073,event-target-organization-subjectOrganization,ORG-00049
Th_POL-00075,event-target-organization-subjectOrganization,ORG-00049
Th_POL-00076,event-target-organization-subjectOrganization,ORG-00049
Th_POL-00077,event-target-organization-subjectOrganization,ORG-00049
Th_POL-00078,event-target-organization-subjectOrganization,ORG-00049
Th_POL-00079,event-target-person-subjectPerson,PER-00032
Th_POL-00079,event-target-person-relatedPerson,PER-00183
Th_POL-00080,event-target-person-subjectPerson,PER-00183
Th_POL-00081,event-target-person-subjectPerson,PER-00032
Th_POL-00082,event-target-person-subjectPerson,PER-00183
Th_POL-00083,event-target-person-subjectPerson,PER-00032
Th_POL-00084,event-target-person-relatedPerson,PER-00183
Th_POL-00085,event-target-person-subjectPerson,PER-00183
Th_POL-00085,event-target-organization-relatedOrganization,ORG-00030
Th_POL-00091,event-target-person-subjectPerson,PER-00180
Th_POL-00091,event-target-organization-subjectOrganization,ORG-00057
Th_POL-00091,event-target-organization-relatedOrganization,ORG-00048
Th_POL-00092,event-target-organization-relatedOrganization,ORG-00048
Th_POL-00093,event-target-organization-relatedOrganization,ORG-00048
Th_POL-00094,event-target-organization-relatedOrganization,ORG-00048
Th_POL-00095,event-target-organization-subjectOrganization,ORG-00048
Th_POL-00096,event-target-organization-subjectOrganization,ORG-00025
Th_POL-00096,event-target-person-subjectPerson,PER-00032
Th_POL-00097,event-target-organization-subjectOrganization,ORG-00350
Th_POL-00100,event-target-person-subjectPerson,PER-00192
Th_POL-00103,event-target-person-subjectPerson,PER-00180
Th_POL-00103,event-target-organization-subjectOrganization,ORG-00057
Th_POL-00104,event-target-organization-subjectOrganization,ORG-00093
Th_POL-00104,event-target-organization-relatedOrganization,ORG-00137
Th_POL-00105,event-target-organization-relatedOrganization,ORG-00049
Th_POL-00106,event-target-organization-subjectOrganization,ORG-00073
Th_ECON-00020,event-target-organization-subjectOrganization,ORG-00293
Th_ECON-00020,event-target-organization-relatedOrganization,ORG-00331
Th_ECON-00021,event-target-organization-subjectOrganization,ORG-00144
Th_ECON-00021,event-target-organization-relatedOrganization,ORG-00293
Th_POL-00116,event-target-person-subjectPerson,PER-00183
Th_POL-00116,event-target-person-relatedPerson,PER-00032
Th_POL-00117,event-target-person-subjectPerson,PER-00032
Th_POL-00117,event-target-person-relatedPerson,PER-00183
Th_POL-00118,event-target-person-subjectPerson,PER-00032
Th_POL-00118,event-target-person-relatedPerson,PER-00183
Th_POL-00119,event-target-person-subjectPerson,PER-00183
Th_POL-00119,event-target-person-relatedPerson,PER-00032
Th_POL-00120,event-target-person-subjectPerson,PER-00032
Th_POL-00120,event-target-person-relatedPerson,PER-00183
Th_POL-00121,event-target-person-subjectPerson,PER-00245
Th_POL-00121,event-target-organization-relatedOrganization,ORG-00049
Th_POL-00122,event-target-person-subjectPerson,PER-00180
Th_POL-00122,event-target-organization-relatedOrganization,ORG-00300
Th_POL-00123,event-target-organization-subjectOrganization,ORG-00288
Th_POL-00123,event-target-organization-relatedOrganization,ORG-00310
Th_POL-00124,event-target-organization-relatedOrganization,ORG-00048
Th_POL-00125,event-target-organization-relatedOrganization,ORG-00048
Th_POL-00127,event-target-person-subjectPerson,PER-00032
Th_POL-00128,event-target-person-subjectPerson,PER-00032
Th_MIL-00023,event-target-person-subjectPerson,PER-00183
Th_MIL-00024,event-target-person-leaderOrSpokesperson,PER-00034
Th_MIL-00024,event-target-organization-subjectOrganization,ORG-00132
Th_MIL-00024,event-target-person-relatedPerson,PER-00183
Th_POL-00146,event-target-person-subjectPerson,PER-00032
Th_POL-00146,event-target-person-relatedPerson,PER-00183
Th_POL-00149,event-target-person-subjectPerson,PER-00032
Th_POL-00151,event-target-person-subjectPerson,PER-00032
Th_POL-00152,event-target-person-subjectPerson,PER-00183
Th_POL-00153,event-target-person-subjectPerson,PER-00183
Th_POL-00154,event-target-person-subjectPerson,PER-00183
Th_POL-00156,event-target-person-relatedPerson,PER-00032
Th_POL-00157,event-target-person-subjectPerson,PER-00032
Th_POL-00158,event-target-person-subjectPerson,PER-00081
Th_POL-00159,event-target-person-subjectPerson,PER-00081
Th_POL-00162,event-target-person-relatedPerson,PER-00081
Th_POL-00163,event-target-person-subjectPerson,PER-00032
Th_POL-00163,event-target-person-relatedPerson,PER-00183
Th_POL-00163,event-target-organization-subjectOrganization,ORG-00025
Th_POL-00164,event-target-person-subjectPerson,PER-00183
Th_POL-00169,event-target-person-subjectPerson,PER-00051
Th_POL-00170,event-target-person-subjectPerson,PER-00183
Th_POL-00171,event-target-person-subjectPerson,PER-00183
Th_POL-00172,event-target-person-subjectPerson,PER-00183
Th_POL-00173,event-target-person-subjectPerson,PER-00034
Th_POL-00174,event-target-person-subjectPerson,PER-00034
Th_POL-00177,event-target-person-leaderOrSpokesperson,PER-00034
Th_POL-00179,event-target-person-relatedPerson,PER-00183
Th_POL-00181,event-target-person-subjectPerson,PER-00183
Th_POL-00182,event-target-person-relatedPerson,PER-00183
Th_POL-00183,event-target-organization-subjectOrganization,ORG-00350
Th_POL-00188,event-target-person-subjectPerson,PER-00051
Th_POL-00188,event-target-person-relatedPerson,PER-00183
Th_POL-00188,event-target-organization-subjectOrganization,ORG-00025
Th_POL-00189,event-target-person-subjectPerson,PER-00183
Th_POL-00190,event-target-person-subjectPerson,PER-00032
Th_POL-00190,event-target-person-relatedPerson,PER-00183
Th_POL-00190,event-target-organization-subjectOrganization,ORG-00025
Th_POL-00191,event-target-organization-subjectOrganization,ORG-00337
Th_POL-00192,event-target-person-subjectPerson,PER-00032
Th_POL-00192,event-target-person-relatedPerson,PER-00183
Th_POL-00192,event-target-organization-subjectOrganization,ORG-00025
Th_POL-00193,event-target-person-relatedPerson,PER-00183
Th_POL-00194,event-target-organization-subjectOrganization,ORG-00025
Th_POL-00195,event-target-person-subjectPerson,PER-00183
Th_POL-00196,event-target-person-relatedPerson,PER-00183
Th_POL-00197,event-target-person-subjectPerson,PER-00032
Th_POL-00198,event-target-person-subjectPerson,PER-00183
Th_POL-00199,event-target-person-subjectPerson,PER-00183
Th_POL-00199,event-target-organization-relatedOrganization,ORG-00310
Th_POL-00200,event-target-person-subjectPerson,PER-00183
Th_POL-00201,event-target-person-subjectPerson,PER-00032
Th_MIL-00027,event-target-person-subjectPerson,PER-00183
Th_POL-00203,event-target-person-subjectPerson,PER-00051
Th_POL-00203,event-target-organization-subjectOrganization,ORG-00025
Th_POL-00204,event-target-person-subjectPerson,PER-00183
Th_POL-00204,event-target-organization-relatedOrganization,ORG-00025
Th_POL-00205,event-target-organization-subjectOrganization,ORG-00025
Th_POL-00205,event-target-organization-relatedOrganization,ORG-00072
Th_POL-00206,event-target-person-subjectPerson,PER-00183
Th_POL-00206,event-target-organization-relatedOrganization,ORG-00025
Th_POL-00207,event-target-organization-subjectOrganization,ORG-00025
Th_POL-00207,event-target-organization-relatedOrganization,ORG-00072
Th_POL-00208,event-target-person-subjectPerson,PER-00183
Th_POL-00208,event-target-organization-relatedOrganization,ORG-00030
Th_POL-00209,event-target-person-relatedPerson,PER-00166
Th_POL-00209,event-target-organization-subjectOrganization,ORG-00030
Th_POL-00209,event-target-organization-relatedOrganization,ORG-00072
Th_POL-00212,event-target-person-relatedPerson,PER-00249
Th_POL-00212,event-target-organization-relatedOrganization,ORG-00047
Th_POL-00213,event-target-person-subjectPerson,PER-00183
Th_POL-00213,event-target-organization-relatedOrganization,ORG-00048
Th_POL-00214,event-target-person-subjectPerson,PER-00032
Th_POL-00214,event-target-person-relatedPerson,PER-00183
Th_POL-00216,event-target-person-subjectPerson,PER-00032
Th_POL-00216,event-target-person-relatedPerson,PER-00183
Th_POL-00216,event-target-organization-subjectOrganization,ORG-00025
Th_POL-00217,event-target-person-relatedPerson,PER-00183
Th_POL-00218,event-target-person-relatedPerson,PER-00183
Th_POL-00219,event-target-person-relatedPerson,PER-00183
Th_POL-00220,event-target-organization-subjectOrganization,ORG-00025
Th_POL-00221,event-target-person-subjectPerson,PER-00183
Th_POL-00222,event-target-person-subjectPerson,PER-00183
Th_POL-00222,event-target-person-relatedPerson,PER-00051
Th_ECON-00023,event-target-organization-subjectOrganization,ORG-00309
Th_POL-00229,event-target-organization-relatedOrganization,ORG-00049
Th_POL-00230,event-target-organization-relatedOrganization,ORG-00049
Th_POL-00231,event-target-person-subjectPerson,PER-00183
Th_POL-00231,event-target-organization-relatedOrganization,ORG-00025
Th_POL-00232,event-target-organization-relatedOrganization,ORG-00049
Th_POL-00233,event-target-organization-subjectOrganization,ORG-00049
Th_POL-00233,event-target-organization-relatedOrganization,ORG-00073
Th_POL-00235,event-target-person-subjectPerson,PER-00183
Th_POL-00235,event-target-organization-relatedOrganization,ORG-00337
Th_POL-00240,event-target-person-subjectPerson,PER-00032
Th_POL-00240,event-target-organization-subjectOrganization,ORG-00025
Th_POL-00241,event-target-person-subjectPerson,PER-00183
Th_ECON-00071,event-target-person-subjectPerson,PER-00183
Th_ECON-00073,event-target-person-subjectPerson,PER-00051
Th_ECON-00076,event-target-organization-relatedOrganization,ORG-00205
Th_ECON-00077,event-target-organization-relatedOrganization,ORG-00331
Th_ECON-00079,event-target-person-subjectPerson,PER-00039
Th_ECON-00079,event-target-organization-subjectOrganization,ORG-00025
Th_POL-00243,event-target-organization-relatedOrganization,ORG-00279
Th_POL-00244,event-target-organization-relatedOrganization,ORG-00030
Th_POL-00250,event-target-organization-subjectOrganization,ORG-00048
Th_POL-00252,event-target-person-subjectPerson,PER-00183
Th_POL-00253,event-target-person-relatedPerson,PER-00183
Th_POL-00254,event-target-person-relatedPerson,PER-00183
Th_MIL-00029,event-target-person-subjectPerson,PER-00183
Th_MIL-00030,event-target-person-relatedPerson,PER-00183
Th_POL-00256,event-target-person-subjectPerson,PER-00183
Th_POL-00257,event-target-person-relatedPerson,PER-00183
Th_POL-00257,event-target-organization-subjectOrganization,ORG-00305
Th_POL-00259,event-target-person-subjectPerson,PER-00183
Th_POL-00260,event-target-organization-relatedOrganization,ORG-00048
Th_POL-00261,event-target-person-subjectPerson,PER-00183
Th_POL-00261,event-target-organization-relatedOrganization,ORG-00305
Th_POL-00262,event-target-person-subjectPerson,PER-00183
Th_POL-00262,event-target-organization-relatedOrganization,ORG-00305
Th_POL-00263,event-target-organization-relatedOrganization,ORG-00305
Th_POL-00263,event-target-person-relatedPerson,PER-00183
Th_POL-00265,event-target-person-relatedPerson,PER-00183
Th_POL-00266,event-target-organization-subjectOrganization,ORG-00025
Th_POL-00266,event-target-person-relatedPerson,PER-00183
Th_POL-00266,event-target-organization-relatedOrganization,ORG-00072
Th_POL-00267,event-target-person-subjectPerson,PER-00183
Th_POL-00267,event-target-organization-relatedOrganization,ORG-00072
Th_POL-00269,event-target-person-relatedPerson,PER-00183
Th_POL-00270,event-target-person-subjectPerson,PER-00183
Th_MIL-00034,event-target-organization-relatedOrganization,ORG-00350
Th_MIL-00035,event-target-organization-subjectOrganization,ORG-00350
Th_POL-00272,event-target-organization-subjectOrganization,ORG-00350
Th_POL-00272,event-target-organization-relatedOrganization,ORG-00072
Th_POL-00273,event-target-person-subjectPerson,PER-00230
Th_POL-00273,event-target-organization-subjectOrganization,ORG-00030
Th_POL-00274,event-target-person-subjectPerson,PER-00249
Th_POL-00274,event-target-organization-subjectOrganization,ORG-00030
Th_POL-00274,event-target-organization-relatedOrganization,ORG-00072
Th_POL-00275,event-target-organization-subjectOrganization,ORG-00050
Th_POL-00275,event-target-organization-relatedOrganization,ORG-00072
Th_POL-00276,event-target-organization-subjectOrganization,ORG-00030
Th_POL-00276,event-target-organization-relatedOrganization,ORG-00032
Th_MIL-00037,event-target-organization-relatedOrganization,ORG-00350
Th_MIL-00037,event-target-organization-relatedOrganization,ORG-00048
Th_MIL-00038,event-target-organization-subjectOrganization,ORG-00357
Th_MIL-00038,event-target-organization-relatedOrganization,ORG-00350
Th_MIL-00043,event-target-person-subjectPerson,PER-00184
Th_MIL-00044,event-target-organization-relatedOrganization,ORG-00059
Th_MIL-00045,event-target-organization-subjectOrganization,ORG-00337
Th_MIL-00048,event-target-organization-relatedOrganization,ORG-00350
Th_MIL-00049,event-target-person-subjectPerson,PER-00034
Th_MIL-00050,event-target-organization-subjectOrganization,ORG-00350
Th_ECON-00084,event-target-organization-relatedOrganization,ORG-00048
Th_ECON-00085,event-target-organization-subjectOrganization,ORG-00293
Th_ECON-00086,event-target-organization-subjectOrganization,ORG-00048
Th_MIL-00051,event-target-person-relatedPerson,PER-00183
Th_MIL-00051,event-target-organization-subjectOrganization,ORG-00350
Th_MIL-00053,event-target-organization-relatedOrganization,ORG-00350
Th_MIL-00056,event-target-person-subjectPerson,PER-00031
Th_POL-00277,event-target-person-subjectPerson,PER-00183
Th_POL-00277,event-target-organization-relatedOrganization,ORG-00137
Th_POL-00278,event-target-person-subjectPerson,PER-00183
Th_POL-00279,event-target-person-subjectPerson,PER-00183
Th_POL-00282,event-target-person-subjectPerson,PER-00183
Th_MIL-00061,event-target-organization-subjectOrganization,ORG-00086
Th_POL-00283,event-target-person-relatedPerson,PER-00183
Th_POL-00284,event-target-person-subjectPerson,PER-00183
Th_POL-00285,event-target-person-subjectPerson,PER-00183
Th_POL-00286,event-target-person-relatedPerson,PER-00183
Th_POL-00286,event-target-organization-subjectOrganization,ORG-00305
Th_POL-00288,event-target-person-subjectPerson,PER-00183
Th_POL-00289,event-target-person-subjectPerson,PER-00183
Th_POL-00290,event-target-person-subjectPerson,PER-00183
Th_POL-00291,event-target-organization-subjectOrganization,ORG-00305
Th_POL-00291,event-target-person-relatedPerson,PER-00183
Th_POL-00293,event-target-person-relatedPerson,PER-00183
Th_POL-00293,event-target-organization-relatedOrganization,ORG-00305
Th_POL-00295,event-target-organization-subjectOrganization,ORG-00025
Th_POL-00296,event-target-organization-subjectOrganization,ORG-00025
Th_MIL-00067,event-target-organization-relatedOrganization,ORG-00363
Th_MIL-00068,event-target-organization-relatedOrganization,ORG-00072
Th_MIL-00068,event-target-person-relatedPerson,PER-00183
Th_MIL-00069,event-target-organization-relatedOrganization,ORG-00072
Th_POL-00297,event-target-organization-subjectOrganization,ORG-00057
Th_POL-00297,event-target-organization-relatedOrganization,ORG-00048
Th_POL-00298,event-target-organization-subjectOrganization,ORG-00049
Th_POL-00299,event-target-person-subjectPerson,PER-00230
Th_POL-00299,event-target-organization-subjectOrganization,ORG-00030
Th_POL-00300,event-target-person-subjectPerson,PER-00162
Th_POL-00300,event-target-organization-subjectOrganization,ORG-00030
Th_POL-00300,event-target-organization-relatedOrganization,ORG-00032
Th_POL-00301,event-target-organization-subjectOrganization,ORG-00305
Th_POL-00301,event-target-person-relatedPerson,PER-00183
Th_POL-00302,event-target-organization-subjectOrganization,ORG-00350
Th_POL-00303,event-target-organization-subjectOrganization,ORG-00030
Th_MIL-00071,event-target-organization-relatedOrganization,ORG-00357
Th_MIL-00074,event-target-organization-subjectOrganization,ORG-00337
Th_MIL-00074,event-target-organization-relatedOrganization,ORG-00357
Th_POL-00304,event-target-person-subjectPerson,PER-00184
Th_POL-00304,event-target-organization-subjectOrganization,ORG-00057
Th_POL-00305,event-target-person-subjectPerson,PER-00183
Th_POL-00306,event-target-organization-subjectOrganization,ORG-00048
Th_POL-00307,event-target-organization-subjectOrganization,ORG-00048
Th_POL-00308,event-target-organization-relatedOrganization,ORG-00048
Th_MIL-00075,event-target-organization-relatedOrganization,ORG-00357
Th_MIL-00077,event-target-organization-relatedOrganization,ORG-00357
Th_MIL-00078,event-target-organization-relatedOrganization,ORG-00293
Th_MIL-00079,event-target-organization-relatedOrganization,ORG-00357
Th_POL-00309,event-target-person-subjectPerson,PER-00183
Th_MIL-00081,event-target-organization-subjectOrganization,ORG-00137
Th_MIL-00082,event-target-person-subjectPerson,PER-00180
Th_MIL-00083,event-target-organization-subjectOrganization,ORG-00057
Th_MIL-00084,event-target-organization-relatedOrganization,ORG-00086
Th_POL-00320,event-target-organization-subjectOrganization,ORG-00049
Th_POL-00321,event-target-organization-subjectOrganization,ORG-00048
Th_POL-00323,event-target-person-relatedPerson,PER-00183
Th_POL-00324,event-target-organization-subjectOrganization,ORG-00048
Th_POL-00325,event-target-organization-subjectOrganization,ORG-00049
Th_POL-00326,event-target-organization-subjectOrganization,ORG-00048
Th_POL-00327,event-target-organization-subjectOrganization,ORG-00048
Th_POL-00328,event-target-organization-subjectOrganization,ORG-00048
Th_POL-00329,event-target-organization-subjectOrganization,ORG-00048
Th_POL-00336,event-target-person-subjectPerson,PER-00183
Th_POL-00337,event-target-organization-subjectOrganization,ORG-00049
Th_POL-00337,event-target-person-relatedPerson,PER-00183
Th_POL-00338,event-target-organization-subjectOrganization,ORG-00025
Th_POL-00339,event-target-organization-subjectOrganization,ORG-00025
Th_POL-00340,event-target-person-subjectPerson,PER-00183
Th_POL-00341,event-target-person-subjectPerson,PER-00183
Th_POL-00342,event-target-person-subjectPerson,PER-00183
Th_POL-00344,event-target-person-subjectPerson,PER-00183
Th_POL-00345,event-target-person-subjectPerson,PER-00183
Th_POL-00345,event-target-person-relatedPerson,PER-00199
Th_POL-00345,event-target-organization-relatedOrganization,ORG-00072
Th_POL-00346,event-target-person-subjectPerson,PER-00199
Th_POL-00346,event-target-person-relatedPerson,PER-00183
Th_POL-00347,event-target-person-subjectPerson,PER-00183
Th_POL-00348,event-target-person-subjectPerson,PER-00183
Th_POL-00349,event-target-person-subjectPerson,PER-00183
Th_POL-00350,event-target-person-subjectPerson,PER-00183
Th_POL-00351,event-target-person-subjectPerson,PER-00183
Th_MIL-00085,event-target-person-subjectPerson,PER-00183
Th_MIL-00086,event-target-person-relatedPerson,PER-00183
Th_POL-00354,event-target-person-subjectPerson,PER-00183
Th_POL-00355,event-target-organization-subjectOrganization,ORG-00049
Th_POL-00357,event-target-organization-relatedOrganization,ORG-00025
Th_POL-00357,event-target-person-relatedPerson,PER-00183
Th_POL-00358,event-target-person-subjectPerson,PER-00183
Th_POL-00358,event-target-organization-relatedOrganization,ORG-00030
Th_POL-00359,event-target-organization-relatedOrganization,ORG-00030
Th_POL-00359,event-target-person-relatedPerson,PER-00183
Th_POL-00360,event-target-organization-relatedOrganization,ORG-00030
Th_POL-00360,event-target-person-relatedPerson,PER-00183
Th_POL-00361,event-target-organization-relatedOrganization,ORG-00073
Th_POL-00361,event-target-organization-relatedOrganization,ORG-00030
Th_POL-00361,event-target-person-relatedPerson,PER-00183
Th_POL-00362,event-target-organization-relatedOrganization,ORG-00030
Th_POL-00362,event-target-person-relatedPerson,PER-00183
Th_POL-00363,event-target-person-subjectPerson,PER-00183
Th_POL-00363,event-target-organization-relatedOrganization,ORG-00025
Th_POL-00364,event-target-organization-subjectOrganization,ORG-00025
Th_POL-00366,event-target-person-subjectPerson,PER-00183
Th_POL-00366,event-target-organization-relatedOrganization,ORG-00030
Th_POL-00367,event-target-organization-relatedOrganization,ORG-00030
Th_POL-00368,event-target-organization-relatedOrganization,ORG-00030
Th_POL-00369,event-target-organization-relatedOrganization,ORG-00030
Th_POL-00369,event-target-organization-relatedOrganization,ORG-00072
Th_POL-00370,event-target-organization-relatedOrganization,ORG-00030
Th_ECON-00087,event-target-person-subjectPerson,PER-00183
Th_ECON-00087,event-target-organization-subjectOrganization,ORG-00072
Th_ECON-00088,event-target-person-subjectPerson,PER-00183
Th_ECON-00088,event-target-organization-subjectOrganization,ORG-00072
Th_ECON-00089,event-target-person-relatedPerson,PER-00183
Th_ECON-00089,event-target-organization-relatedOrganization,ORG-00072
Th_ECON-00090,event-target-person-subjectPerson,PER-00183
Th_ECON-00090,event-target-organization-relatedOrganization,ORG-00337
Th_ECON-00091,event-target-organization-relatedOrganization,ORG-00337
Th_ECON-00095,event-target-person-relatedPerson,PER-00183
Th_ECON-00096,event-target-person-relatedPerson,PER-00183
Th_ECON-00097,event-target-person-relatedPerson,PER-00183
Th_ECON-00098,event-target-person-relatedPerson,PER-00183
Th_ECON-00101,event-target-organization-relatedOrganization,ORG-00144
Th_ECON-00102,event-target-organization-relatedOrganization,ORG-00144
Th_ECON-00103,event-target-person-relatedPerson,PER-00183
Th_ECON-00105,event-target-organization-subjectOrganization,ORG-00031
Th_ECON-00105,event-target-organization-relatedOrganization,ORG-00072
Th_ECON-00114,event-target-organization-relatedOrganization,ORG-00205
Th_POL-00371,event-target-person-subjectPerson,PER-00183
Th_POL-00371,event-target-organization-relatedOrganization,ORG-00048
Th_POL-00375,event-target-person-subjectPerson,PER-00183
Th_ECON-00115,event-target-person-subjectPerson,PER-00183
Th_ECON-00115,event-target-organization-relatedOrganization,ORG-00337
Th_ECON-00116,event-target-person-subjectPerson,PER-00183
Th_ECON-00117,event-target-organization-relatedOrganization,ORG-00337
Th_ECON-00119,event-target-person-subjectPerson,PER-00183
Th_ECON-00119,event-target-organization-relatedOrganization,ORG-00337
Th_POL-00384,event-target-organization-subjectOrganization,ORG-00049
Th_POL-00389,event-target-organization-relatedOrganization,ORG-00049
Th_POL-00390,event-target-organization-subjectOrganization,ORG-00049
Th_ECON-00130,event-target-organization-subjectOrganization,ORG-00293
Th_MIL-00087,event-target-organization-relatedOrganization,ORG-00137
Th_POL-00395,event-target-person-subjectPerson,PER-00183
Th_POL-00396,event-target-person-subjectPerson,PER-00183
Th_POL-00397,event-target-person-relatedPerson,PER-00183
Th_MIL-00094,event-target-person-subjectPerson,PER-00183
Th_MIL-00095,event-target-person-relatedPerson,PER-00183
Th_POL-00398,event-target-person-subjectPerson,PER-00183
Th_POL-00398,event-target-organization-relatedOrganization,ORG-00030
Th_POL-00399,event-target-person-subjectPerson,PER-00183
Th_POL-00399,event-target-organization-relatedOrganization,ORG-00305
Th_POL-00401,event-target-person-subjectPerson,PER-00183
Th_POL-00402,event-target-person-subjectPerson,PER-00183
Th_POL-00403,event-target-organization-subjectOrganization,ORG-00048
Th_POL-00404,event-target-organization-subjectOrganization,ORG-00048
Th_POL-00405,event-target-organization-subjectOrganization,ORG-00048
Th_POL-00406,event-target-organization-subjectOrganization,ORG-00048
Th_POL-00407,event-target-organization-subjectOrganization,ORG-00048
Th_POL-00408,event-target-person-subjectPerson,PER-00183
Th_POL-00408,event-target-organization-relatedOrganization,ORG-00305
Th_POL-00409,event-target-organization-subjectOrganization,ORG-00305
Th_POL-00410,event-target-organization-relatedOrganization,ORG-00305
Th_POL-00413,event-target-organization-subjectOrganization,ORG-00025
Th_POL-00414,event-target-organization-subjectOrganization,ORG-00025
Th_POL-00415,event-target-organization-subjectOrganization,ORG-00025
Th_POL-00425,event-target-person-relatedPerson,PER-00183
Th_POL-00427,event-target-organization-relatedOrganization,ORG-00203
Th_POL-00428,event-target-person-relatedPerson,PER-00116
Th_POL-00429,event-target-person-relatedPerson,PER-00183
Th_POL-00430,event-target-person-subjectPerson,PER-00183
Th_POL-00433,event-target-organization-relatedOrganization,ORG-00073
Th_POL-00440,event-target-organization-relatedOrganization,ORG-00048
Th_POL-00441,event-target-organization-relatedOrganization,ORG-00048
Th_POL-00442,event-target-organization-subjectOrganization,ORG-00049
Th_POL-00443,event-target-organization-subjectOrganization,ORG-00048
Th_POL-00444,event-target-organization-subjectOrganization,ORG-00048
Th_POL-00445,event-target-organization-subjectOrganization,ORG-00049
Th_POL-00446,event-target-organization-subjectOrganization,ORG-00049
Th_POL-00448,event-target-organization-subjectOrganization,ORG-00025
Th_POL-00449,event-target-organization-subjectOrganization,ORG-00161
Th_POL-00453,event-target-organization-relatedOrganization,ORG-00048
Th_POL-00454,event-target-organization-relatedOrganization,ORG-00048
Th_POL-00460,event-target-organization-affectedOrganization,ORG-00048
Th_POL-00462,event-target-person-relatedPerson,PER-00183
Th_POL-00463,event-target-person-subjectPerson,PER-00183
Th_POL-00471,event-target-person-relatedPerson,PER-00183
Th_POL-00473,event-target-person-relatedPerson,PER-00183
Th_POL-00476,event-target-organization-relatedOrganization,ORG-00030
Th_POL-00476,event-target-person-subjectPerson,PER-00183
Th_POL-00479,event-target-person-subjectPerson,PER-00116
Th_POL-00481,event-target-person-relatedPerson,PER-00183
Th_POL-00482,event-target-person-subjectPerson,PER-00183
Th_POL-00487,event-target-person-relatedPerson,PER-00183
Th_POL-00488,event-target-person-subjectPerson,PER-00183
Th_POL-00489,event-target-person-relatedPerson,PER-00183
Th_POL-00490,event-target-person-relatedPerson,PER-00183
Th_POL-00491,event-target-person-relatedPerson,PER-00183
Th_POL-00496,event-target-organization-relatedOrganization,ORG-00049
Th_POL-00498,event-target-organization-relatedOrganization,ORG-00049
Th_POL-00499,event-target-organization-relatedOrganization,ORG-00048
Th_POL-00500,event-target-organization-relatedOrganization,ORG-00048
Th_POL-00502,event-target-organization-subjectOrganization,ORG-00048
Th_POL-00503,event-target-organization-relatedOrganization,ORG-00048
Th_POL-00504,event-target-organization-subjectOrganization,ORG-00048
Th_POL-00506,event-target-person-relatedPerson,PER-00183
Th_POL-00508,event-target-person-relatedPerson,PER-00183
Th_POL-00509,event-target-person-subjectPerson,PER-00183
Th_POL-00510,event-target-person-relatedPerson,PER-00183
Th_POL-00512,event-target-organization-subjectOrganization,ORG-00203
Th_POL-00513,event-target-person-relatedPerson,PER-00116
Th_POL-00515,event-target-person-relatedPerson,PER-00183
Th_POL-00515,event-target-organization-subjectOrganization,ORG-00305
Th_POL-00516,event-target-person-subjectPerson,PER-00183
Th_POL-00520,event-target-person-subjectPerson,PER-00183
Th_POL-00521,event-target-person-subjectPerson,PER-00183
Th_POL-00522,event-target-organization-subjectOrganization,ORG-00305
Th_POL-00522,event-target-organization-relatedOrganization,ORG-00048
Th_POL-00523,event-target-person-subjectPerson,PER-00183
Th_POL-00523,event-target-organization-relatedOrganization,ORG-00048
Th_POL-00524,event-target-person-subjectPerson,PER-00010
Th_POL-00524,event-target-organization-subjectOrganization,ORG-00049
Th_POL-00525,event-target-person-subjectPerson,PER-00010
Th_POL-00525,event-target-organization-subjectOrganization,ORG-00049
Th_POL-00526,event-target-organization-subjectOrganization,ORG-00048
Th_POL-00527,event-target-person-subjectPerson,PER-00010
Th_POL-00527,event-target-organization-subjectOrganization,ORG-00049
Th_POL-00528,event-target-organization-subjectOrganization,ORG-00049
Th_POL-00529,event-target-organization-subjectOrganization,ORG-00049
Th_POL-00530,event-target-organization-subjectOrganization,ORG-00049
Th_POL-00531,event-target-organization-subjectOrganization,ORG-00049
Th_POL-00533,event-target-organization-relatedOrganization,ORG-00048
Th_POL-00534,event-target-organization-relatedOrganization,ORG-00048
Th_POL-00535,event-target-organization-relatedOrganization,ORG-00069
Th_POL-00535,event-target-organization-relatedOrganization,ORG-00048
Th_POL-00537,event-target-person-subjectPerson,PER-00253
Th_POL-00540,event-target-person-subjectPerson,PER-00183
Th_POL-00541,event-target-person-subjectPerson,PER-00032
Th_POL-00541,event-target-person-relatedPerson,PER-00183
Th_POL-00542,event-target-person-subjectPerson,PER-00183
Th_MIL-00099,event-target-organization-relatedOrganization,ORG-00132
Th_MIL-00102,event-target-organization-relatedOrganization,ORG-00093
Th_MIL-00102,event-target-person-subjectPerson,PER-00034
Th_MIL-00103,event-target-person-subjectPerson,PER-00034
Th_MIL-00104,event-target-organization-relatedOrganization,ORG-00093
Th_MIL-00105,event-target-organization-relatedOrganization,ORG-00093
Th_MIL-00106,event-target-organization-relatedOrganization,ORG-00093
Th_POL-00543,event-target-organization-subjectOrganization,ORG-00049
Th_POL-00544,event-target-organization-relatedOrganization,ORG-00337
Th_POL-00545,event-target-organization-relatedOrganization,ORG-00337
Th_POL-00546,event-target-organization-subjectOrganization,ORG-00049
Th_POL-00548,event-target-organization-subjectOrganization,ORG-00049
Th_POL-00549,event-target-organization-subjectOrganization,ORG-00049
Th_POL-00550,event-target-organization-subjectOrganization,ORG-00048
Th_POL-00551,event-target-organization-subjectOrganization,ORG-00049
Th_POL-00552,event-target-organization-subjectOrganization,ORG-00049
Th_POL-00555,event-target-organization-relatedOrganization,ORG-00203
Th_POL-00556,event-target-person-relatedPerson,PER-00116
Th_POL-00557,event-target-person-relatedPerson,PER-00183
Th_POL-00558,event-target-person-subjectPerson,PER-00183
Th_POL-00563,event-target-person-relatedPerson,PER-00183
Th_POL-00567,event-target-person-relatedPerson,PER-00183
Th_POL-00568,event-target-person-subjectPerson,PER-00183
Th_POL-00574,event-target-organization-subjectOrganization,ORG-00049
Th_POL-00575,event-target-organization-subjectOrganization,ORG-00048
Th_POL-00576,event-target-organization-subjectOrganization,ORG-00048
Th_POL-00577,event-target-organization-subjectOrganization,ORG-00048
Th_POL-00578,event-target-organization-subjectOrganization,ORG-00049
Th_POL-00584,event-target-person-subjectPerson,PER-00183
Th_POL-00585,event-target-person-relatedPerson,PER-00183
Th_POL-00586,event-target-person-relatedPerson,PER-00183
Th_POL-00587,event-target-person-relatedPerson,PER-00183
Th_POL-00588,event-target-person-relatedPerson,PER-00183
Th_POL-00589,event-target-person-subjectPerson,PER-00183
Th_POL-00590,event-target-person-subjectPerson,PER-00183
Th_POL-00599,event-target-person-subjectPerson,PER-00010
Th_POL-00599,event-target-organization-subjectOrganization,ORG-00049
Th_POL-00600,event-target-person-subjectPerson,PER-00183
Th_POL-00601,event-target-person-subjectPerson,PER-00010
Th_POL-00601,event-target-organization-subjectOrganization,ORG-00049
Th_POL-00602,event-target-person-subjectPerson,PER-00010
Th_POL-00602,event-target-organization-subjectOrganization,ORG-00049
Th_POL-00603,event-target-person-leaderOrSpokesperson,PER-00010
Th_POL-00603,event-target-organization-relatedOrganization,ORG-00049
Th_POL-00604,event-target-person-subjectPerson,PER-00183
Th_POL-00605,event-target-person-leaderOrSpokesperson,PER-00010
Th_POL-00605,event-target-organization-subjectOrganization,ORG-00049
Th_POL-00606,event-target-person-leaderOrSpokesperson,PER-00010
Th_POL-00606,event-target-organization-subjectOrganization,ORG-00049
Th_POL-00607,event-target-person-leaderOrSpokesperson,PER-00010
Th_POL-00607,event-target-organization-subjectOrganization,ORG-00049
Th_POL-00608,event-target-organization-relatedOrganization,ORG-00049
Th_POL-00609,event-target-person-leaderOrSpokesperson,PER-00010
Th_POL-00609,event-target-organization-subjectOrganization,ORG-00049
Th_POL-00610,event-target-person-relatedPerson,PER-00183
Th_POL-00612,event-target-organization-relatedOrganization,ORG-00203
Th_POL-00613,event-target-person-relatedPerson,PER-00116
Th_POL-00614,event-target-person-relatedPerson,PER-00183
Th_POL-00615,event-target-person-subjectPerson,PER-00183
Th_POL-00618,event-target-organization-relatedOrganization,ORG-00073
Th_POL-00619,event-target-person-relatedPerson,PER-00183
Th_POL-00621,event-target-person-relatedPerson,PER-00183
Th_POL-00631,event-target-person-subjectPerson,PER-00183
Th_POL-00632,event-target-person-relatedPerson,PER-00183
Th_POL-00634,event-target-person-relatedPerson,PER-00183
Th_POL-00636,event-target-person-subjectPerson,PER-00183
Th_POL-00637,event-target-person-subjectPerson,PER-00183
Th_POL-00638,event-target-person-subjectPerson,PER-00183
Th_POL-00639,event-target-person-subjectPerson,PER-00183
Th_POL-00640,event-target-person-subjectPerson,PER-00183
Th_POL-00643,event-target-organization-relatedOrganization,ORG-00203
Th_POL-00644,event-target-person-relatedPerson,PER-00116
Th_POL-00644,event-target-organization-relatedOrganization,ORG-00072
Th_POL-00646,event-target-person-subjectPerson,PER-00183
Th_POL-00647,event-target-organization-relatedOrganization,ORG-00072
Th_POL-00651,event-target-person-subjectPerson,PER-00183
Th_POL-00652,event-target-person-subjectPerson,PER-00010
Th_POL-00652,event-target-organization-subjectOrganization,ORG-00049
Th_POL-00653,event-target-person-subjectPerson,PER-00183
Th_POL-00654,event-target-person-subjectPerson,PER-00032
Th_POL-00654,event-target-person-relatedPerson,PER-00183
Th_POL-00655,event-target-person-subjectPerson,PER-00032
Th_POL-00655,event-target-person-relatedPerson,PER-00183
Th_POL-00656,event-target-person-subjectPerson,PER-00183
Th_POL-00656,event-target-person-relatedPerson,PER-00032
Th_POL-00657,event-target-person-subjectPerson,PER-00032
Th_POL-00657,event-target-person-relatedPerson,PER-00183
Th_POL-00658,event-target-person-subjectPerson,PER-00032
Th_POL-00658,event-target-person-relatedPerson,PER-00183
Th_POL-00658,event-target-organization-relatedOrganization,ORG-00048
Th_POL-00659,event-target-person-subjectPerson,PER-00183
Th_POL-00659,event-target-person-relatedPerson,PER-00032
Th_POL-00659,event-target-organization-relatedOrganization,ORG-00048
Th_POL-00660,event-target-person-subjectPerson,PER-00032
Th_POL-00660,event-target-organization-relatedOrganization,ORG-00048
Th_POL-00662,event-target-organization-relatedOrganization,ORG-00025
Th_POL-00664,event-target-person-relatedPerson,PER-00183
Th_POL-00665,event-target-person-subjectPerson,PER-00183
Th_POL-00666,event-target-person-subjectPerson,PER-00219
Th_POL-00669,event-target-organization-relatedOrganization,ORG-00048
Th_POL-00671,event-target-person-subjectPerson,PER-00183
Th_POL-00675,event-target-person-relatedPerson,PER-00183
Th_POL-00676,event-target-person-subjectPerson,PER-00183
Th_POL-00678,event-target-person-subjectPerson,PER-00183
Th_POL-00679,event-target-person-subjectPerson,PER-00183
Th_POL-00680,event-target-organization-relatedOrganization,ORG-00048
Th_POL-00681,event-target-person-relatedPerson,PER-00183
Th_POL-00682,event-target-person-subjectPerson,PER-00183
Th_POL-00684,event-target-person-subjectPerson,PER-00183
Th_POL-00686,event-target-organization-subjectOrganization,ORG-00030
Th_POL-00686,event-target-person-relatedPerson,PER-00183
Th_POL-00689,event-target-person-subjectPerson,PER-00051
Th_POL-00690,event-target-person-subjectPerson,PER-00051
Th_POL-00693,event-target-person-subjectPerson,PER-00051
Th_POL-00694,event-target-person-subjectPerson,PER-00051
Th_POL-00696,event-target-organization-subjectOrganization,ORG-00030
Th_MIL-00108,event-target-organization-relatedOrganization,ORG-00048
Th_MIL-00110,event-target-organization-relatedOrganization,ORG-00048
Th_MIL-00111,event-target-organization-subjectOrganization,ORG-00048
Th_MIL-00112,event-target-organization-relatedOrganization,ORG-00048
Th_ECON-00134,event-target-facility-occursAtAirport,AIR-00016
Th_ECON-00138,event-target-person-relatedPerson,PER-00209
Th_ECON-00139,event-target-person-relatedPerson,PER-00209
Th_ECON-00140,event-target-organization-relatedOrganization,ORG-00048
Th_ECON-00144,event-target-organization-relatedOrganization,ORG-00031
Th_POL-00697,event-target-person-subjectPerson,PER-00183
Th_POL-00698,event-target-person-subjectPerson,PER-00032
Th_POL-00699,event-target-person-subjectPerson,PER-00032
Th_POL-00700,event-target-person-subjectPerson,PER-00032
Th_POL-00701,event-target-person-subjectPerson,PER-00032
Th_POL-00702,event-target-person-subjectPerson,PER-00032
Th_POL-00702,event-target-organization-subjectOrganization,ORG-00025
Th_POL-00702,event-target-person-relatedPerson,PER-00183
Th_POL-00703,event-target-person-subjectPerson,PER-00183
Th_POL-00704,event-target-person-subjectPerson,PER-00032
Th_POL-00704,event-target-organization-subjectOrganization,ORG-00025
Th_POL-00704,event-target-person-relatedPerson,PER-00183
Th_POL-00705,event-target-person-subjectPerson,PER-00183
Th_POL-00706,event-target-person-subjectPerson,PER-00032
Th_POL-00706,event-target-organization-subjectOrganization,ORG-00025
Th_POL-00706,event-target-person-relatedPerson,PER-00183
Th_POL-00713,event-target-organization-relatedOrganization,ORG-00318
Th_POL-00715,event-target-organization-relatedOrganization,ORG-00049
Th_POL-00716,event-target-person-subjectPerson,PER-00051
Th_ECON-00162,event-target-person-subjectPerson,PER-00230
Th_MIL-00113,event-target-person-subjectPerson,PER-00183
Th_MIL-00113,event-target-organization-relatedOrganization,ORG-00048
Th_MIL-00114,event-target-person-subjectPerson,PER-00183
Th_MIL-00114,event-target-organization-relatedOrganization,ORG-00048
Th_MIL-00115,event-target-person-subjectPerson,PER-00183
Th_POL-00717,event-target-person-subjectPerson,PER-00183
Th_POL-00718,event-target-person-subjectPerson,PER-00183
Th_POL-00719,event-target-person-subjectPerson,PER-00183
Th_POL-00720,event-target-person-subjectPerson,PER-00183
Th_POL-00721,event-target-person-subjectPerson,PER-00183
Th_ECON-00168,event-target-person-subjectPerson,PER-00051
Th_POL-00722,event-target-person-subjectPerson,PER-00032
Th_POL-00723,event-target-person-subjectPerson,PER-00032
Th_POL-00724,event-target-person-subjectPerson,PER-00032
Th_POL-00725,event-target-person-subjectPerson,PER-00032
Th_POL-00726,event-target-person-subjectPerson,PER-00032
Th_POL-00731,event-target-organization-relatedOrganization,ORG-00048
Th_POL-00732,event-target-organization-relatedOrganization,ORG-00048
